1.2133406e7,-2.5628438e7,2.372544e7,-1.8260064e7,1.4589224e7,-1.2086329e7,1.0293276e7,-8.9518e6,7.912446e6,-7.084206e6,6.40892e6,-5.8478315e6,5.374174e6,-4.9689035e6,4.6181095e6,-4.3113945e6,4.0408448e6,-3.800332e6,3.5850245e6,-3.3910775e6,3.2153908e6,-3.05543e6,2.9091118e6,-2.7747038e6,2.6507518e6,-2.5360278e6,2.429491e6,-2.3302498e6,2.237537e6,-2.150689e6,2.0691306e6,-1.9923585e6,1.9199265e6,-1.851444e6,1.7865678e6,-1.7249905e6,1.6664416e6,-1.610678e6,1.5574782e6,-1.5066448e6,1.4579984e6,-1.4113814e6,1.366652e6,-1.3236735e6,1.2823232e6,-1.2424971e6,1.204091e6,-1.1670108e6,1.131177e6,-1.0965099e6,1.062934e6,-1.0303878e6,998809.6,-968135.6,938318.0,-909309.5,881058.7,-853528.1,826676.94,-800466.4,774861.6,-749829.75,725343.6,-701369.9,677882.4,-654856.9,632268.6,-610094.44,588309.0,-566897.2,545838.6,-525109.94,504698.94,-484588.8,464760.25,-445199.5,425890.62,-406821.44,387978.03,-369347.2,350916.9,-332675.7,314610.88,-296708.6,278961.66,-261360.66,243892.39,-226548.08,209318.94,-192196.0,175168.19,-158227.44,141365.81,-124571.26,107839.15,-91159.64,74524.84,-57926.918,41355.824,-24804.441,8266.244
3.4839782e6,-5.408474e6,1.981396e6,87334.22,-315379.47,336283.1,-317507.25,291506.84,-266185.16,243445.34,-223511.12,206133.19,-190959.4,177650.64,-165912.14,155497.19,-146202.56,137861.44,-130336.26,123513.64,-117299.62,111615.52,-106395.484,101583.82,-97133.15,93002.984,-89158.68,85570.26,-82211.766,79060.57,-76096.96,73303.58,-70664.95,68167.49,-65799.2,63549.312,-61408.3,59367.598,-57419.363,55556.586,-53772.89,52062.676,-50420.867,48842.582,-47323.426,45859.66,-44447.547,43083.7,-41765.258,40489.336,-39253.223,38054.684,-36891.492,35761.332,-34662.473,33593.2,-32551.645,31536.451,-30546.129,29579.27,-28634.602,27710.932,-26807.27,25922.393,-25055.354,24205.264,-23371.22,22552.375,-21747.803,20956.95,-20179.07,19413.312,-18659.225,17916.193,-17183.512,16460.672,-15747.095,15042.329,-14345.866,13657.223,-12975.955,12301.642,-11633.819,10971.976,-10315.848,9665.092,-9019.22,8377.909,-7740.839,7107.6772,-6478.017,5851.5625,-5228.02,4606.9473,-3988.173,3371.336,-2756.145,2142.3115,-1529.4658,917.346,-305.71185
-235902.05,1.4897015e6,-2.144432e6,1.0131955e6,-138967.73,5728.962,29750.45,-40608.305,43330.4,-42991.855,41457.11,-39488.188,37415.805,-35386.246,33462.01,-31666.06,30002.574,-28466.904,27050.463,-25743.346,24535.56,-23417.545,22380.518,-21416.514,20518.37,-19679.691,18894.818,-18158.707,17466.875,-16815.338,16200.564,-15619.394,15068.964,-14546.736,14050.449,-13578.046,13127.7,-12697.753,12286.674,-11893.085,11515.7295,-11153.497,10805.38,-10470.397,10147.665,-9836.434,9535.943,-9245.507,8964.544,-8692.467,8428.716,-8172.837,7924.371,-7682.839,7447.8853,-7219.1562,6996.2627,-6778.9243,6566.832,-6359.692,6157.239,-5959.223,5765.44,-5575.632,5389.6006,-5207.16,5028.121,-4852.3047,4679.516,-4509.6396,4342.5186,-4177.9717,4015.9045,-3856.188,3698.6719,-3543.2495,3389.7976,-3238.221,3088.4119,-2940.2676,2793.6946,-2648.603,2504.894,-2362.4595,2221.243,-2081.1716,1942.1417,-1804.0846,1666.9316,-1530.6125,1395.0404,-1260.152,1125.8851,-992.14496,858.8955,-726.0594,593.5745,-461.37955,329.3953,-197.56592,65.84029
42361.355,-177010.66,764053.8,-1.1236631e6,577422.8,-105639.664,27736.617,-4131.6187,-4948.8843,8812.904,-10467.115,11086.298,-11190.585,11031.16,-10737.027,10377.361,-9990.33,9597.3,-9210.182,8835.48,-8476.541,8134.8184,-7810.672,7503.816,-7213.5923,6939.149,-6679.5566,6433.857,-6201.108,5980.4043,-5770.8965,5571.7856,-5382.316,5201.797,-5029.5977,4865.13,-4707.861,4557.2983,-4412.98,4274.4834,-4141.419,4013.4404,-3890.2305,3771.4749,-3656.889,3546.2314,-3439.2544,3335.7317,-3235.4736,3138.2842,-3043.9773,2952.4016,-2863.403,2776.8188,-2692.5298,2610.416,-2530.3438,2452.219,-2375.935,2301.391,-2228.496,2157.1638,-2087.3237,2018.8865,-1951.7832,1885.9493,-1821.3192,1757.8301,-1695.4137,1634.0302,-1573.6243,1514.1321,-1455.5212,1397.7458,-1340.753,1284.5052,-1228.9589,1174.0803,-1119.8317,1066.1764,-1013.08124,960.5146,-908.44135,856.8227,-805.639,754.8643,-704.46155,654.4063,-604.67426,555.24023,-506.07318,457.1506,-408.45035,359.93832,-311.60184,263.41324,-215.35033,167.39111,-119.50727,71.678825,-23.887547
-11906.466,43227.004,-114297.6,459223.62,-688354.5,369016.84,-75030.516,24768.758,-8770.748,2168.726,950.0461,-2532.6245,3357.708,-3779.872,3976.2043,-4041.4243,4028.9158,-3970.0024,3883.63,-3781.5376,3671.1226,-3557.085,3442.4287,-3329.061,3218.1716,-3110.478,3006.3887,-2906.1025,2809.68,-2717.0908,2628.2488,-2543.029,2461.2783,-2382.8367,2307.542,-2235.2285,2165.7383,-2098.9163,2034.61,-1972.6754,1912.9753,-1855.3864,1799.7927,-1746.0757,1694.1266,-1643.8533,1595.158,-1547.9507,1502.1565,-1457.6958,1414.4921,-1372.4838,1331.607,-1291.7932,1252.9928,-1215.1555,1178.2239,-1142.1583,1106.9133,-1072.4451,1038.7142,-1005.6837,973.32294,-941.5925,910.4625,-879.9046,849.88983,-820.3905,791.3762,-762.8296,734.726,-707.03674,679.74756,-652.83813,626.28436,-600.06964,574.17426,-548.5831,523.2792,-498.24588,473.46823,-448.93198,424.62106,-400.51785,376.61353,-352.8963,329.34924,-305.96124,282.7212,-259.61768,236.63644,-213.76723,190.99991,-168.3188,145.71823,-123.18545,100.71031,-78.282745,55.889713,-33.522087,11.171539
4345.054,-14766.373,32602.324,-77803.15,305572.97,-464618.88,255516.52,-54849.477,19883.576,-8469.38,3599.0857,-1194.0612,-102.240135,838.73425,-1268.8059,1521.0288,-1665.4532,1742.407,-1776.1359,1781.742,-1768.902,1743.9574,-1711.1451,1673.3358,-1632.4948,1589.9779,-1546.7264,1503.3916,-1460.4227,1418.1259,-1376.7068,1336.2975,-1296.975,1258.781,-1221.7319,1185.8234,-1151.0398,1117.3555,-1084.7361,1053.1443,-1022.54,992.885,-964.14136,936.2657,-909.217,882.9609,-857.4577,832.6702,-808.56793,785.11646,-762.2821,740.03815,-718.35596,697.2034,-676.5585,656.3979,-636.6942,617.4292,-598.58093,580.12836,-562.05255,544.33527,-526.962,509.9129,-493.17334,476.7293,-460.5664,444.6707,-429.02667,413.62585,-398.45578,383.50162,-368.75635,354.2096,-339.8489,325.66577,-311.65,297.7939,-284.08865,270.52563,-257.0971,243.79561,-230.61284,217.53944,-204.57092,191.70119,-178.92123,166.22527,-153.60748,141.06187,-128.5809,116.15917,-103.79137,91.46914,-79.18955,66.945854,-54.73269,42.544724,-30.375027,18.218777,-6.071596
-1882.87,6168.8667,-12451.585,24372.508,-55945.508,217908.48,-334911.6,187360.27,-41557.883,15848.43,-7328.048,3622.1655,-1747.3818,705.45795,-89.67954,-289.17807,527.99756,-680.10297,776.54535,-836.24146,871.1465,-889.0464,895.143,-892.9852,885.0363,-873.0321,858.2118,-841.46783,823.4485,-804.62726,785.352,-765.87775,746.3897,-727.0241,707.8802,-689.02783,670.5172,-652.3818,634.6414,-617.3077,600.3847,-583.8735,567.77136,-552.06964,536.75836,-521.8294,507.27,-493.06708,479.21048,-465.6867,452.48166,-439.58475,426.98358,-414.66312,402.61368,-390.8247,379.2826,-367.97897,356.903,-346.04416,335.39282,-324.9398,314.67773,-304.5962,294.68756,-284.9445,275.3593,-265.9246,256.63184,-247.47667,238.4523,-229.55045,220.76744,-212.09756,203.53384,-195.07158,186.70505,-178.43004,170.24152,-162.1347,154.1052,-146.14882,138.26079,-130.43576,122.67126,-114.9638,107.308174,-99.7011,92.13926,-84.61921,77.13655,-69.68822,62.27114,-54.880447,47.514496,-40.169357,32.841934,-25.529142,18.226933,-10.932523,3.6433945
921.69714,-2952.6858,5658.333,-10008.078,18655.664,-42057.832,163344.6,-253153.47,143369.55,-32500.906,12792.385,-6195.3643,3290.573,-1798.8171,954.43036,-444.0595,121.183784,89.64027,-230.19989,325.0018,-389.09308,432.06577,-460.2288,477.8418,-487.84506,492.30713,-492.70795,490.12057,-485.3327,478.92856,-471.34564,462.91345,-453.88074,444.4374,-434.7291,424.86655,-414.9354,405.0008,-395.1115,385.30475,-375.608,366.04266,-356.62457,347.36295,-338.26404,329.3334,-320.572,311.97952,-303.5562,295.2994,-287.20523,279.27142,-271.494,263.8667,-256.38644,249.04915,-241.84846,234.78111,-227.84206,221.02618,-214.32884,207.74544,-201.27249,194.90437,-188.63713,182.46696,-176.38972,170.40135,-164.49704,158.67458,-152.93013,147.25887,-141.65887,136.1269,-130.65883,125.25197,-119.90298,114.60943,-109.36837,104.17694,-99.03257,93.93277,-88.87467,83.85501,-78.872375,73.924675,-69.00872,64.122536,-59.264114,54.43137,-49.6216,44.832935,-40.063507,35.31029,-30.572329,25.847183,-21.13296,16.427761,-11.729073,7.0351887,-2.3445752
-494.23132,1560.0161,-2892.4487,4817.8413,-8060.072,14663.7,-32753.863,127138.84,-198354.0,113377.12,-26102.885,10497.299,-5236.8125,2900.8125,-1688.924,994.60614,-568.85596,294.83798,-112.16122,-12.7663555,99.737816,-160.96942,204.29341,-234.89325,256.29242,-270.9415,280.57916,-286.45987,289.50235,-290.38837,289.62976,-287.61444,284.6383,-280.92966,276.66586,-271.9847,266.99478,-261.78122,256.4106,-250.93567,245.39793,-239.83093,234.26126,-228.70868,223.1888,-217.71503,212.29631,-206.93951,201.65092,-196.43399,191.2907,-186.22348,181.23311,-176.31845,171.48007,-166.71751,162.02863,-157.413,152.86884,-148.39418,143.98714,-139.6458,135.3688,-131.15327,126.9974,-122.89933,118.85696,-114.86813,110.93017,-107.04206,103.201675,-99.40616,95.6546,-91.94514,88.27529,-84.64355,81.047905,-77.48695,73.95893,-70.462105,66.994934,-63.555897,60.143223,-56.75486,53.38998,-50.047318,46.72483,-43.42129,40.13546,-36.866024,33.611248,-30.369965,27.140997,-23.922379,20.713543,-17.51292,14.319301,-11.131476,7.9478135,-4.7672305,1.5887581
284.44882,-888.6616,1611.2063,-2581.2341,4046.587,-6578.042,11806.777,-26241.316,101910.82,-159857.0,92034.555,-21435.273,8754.988,-4458.2734,2538.4453,-1535.1921,955.4892,-596.4666,362.69272,-204.70506,94.907135,-16.983511,-39.1719,80.06423,-110.01716,131.98361,-148.02803,159.62282,-167.83685,173.45801,-177.07516,179.13347,-179.97276,179.85538,-178.9856,177.52321,-175.59468,173.30019,-170.71927,167.91574,-164.9408,161.83615,-158.63571,155.36603,-152.04883,148.70256,-145.3412,141.97617,-138.61751,135.2725,-131.94675,128.64558,-125.37271,122.13013,-118.920616,115.746,-112.60662,109.50385,-106.4379,103.40866,-100.415985,97.459526,-94.539276,91.65402,-88.80322,85.986244,-83.2022,80.45011,-77.72859,75.03736,-72.37531,69.74082,-67.13356,64.55252,-61.99624,59.463905,-56.954334,54.46675,-52.000107,49.553364,-47.12559,44.71589,-42.323143,39.94604,-37.584126,35.236614,-32.90218,30.58006,-28.269472,25.96958,-23.679253,21.397741,-19.124294,16.8576,-14.597329,12.342443,-10.092155,7.845678,-5.6019216,3.3601856,-1.1198472
-173.24463,537.23145,-958.65125,1495.0942,-2245.9138,3409.899,-5451.793,9706.909,-21515.807,83641.805,-131791.0,76317.805,-17934.156,7411.1777,-3831.141,2224.031,-1379.6152,888.61414,-582.31366,381.19962,-243.97394,147.54178,-78.21644,27.49716,10.103685,-38.244907,59.433872,-75.42977,87.492355,-96.53991,103.25251,-108.14069,111.59229,-113.90546,115.31167,-115.99202,116.089645,-115.71822,114.96846,-113.91338,112.61196,-111.11243,109.454216,-107.66901,105.78292,-103.81808,101.792015,-99.719315,97.61261,-95.48179,93.33489,-91.17921,89.02039,-86.86249,84.70978,-82.56554,80.43178,-78.311005,76.20472,-74.11405,72.039955,-69.98311,67.94436,-65.92357,63.92103,-61.936874,59.97101,-58.023212,56.092915,-54.180317,52.28498,-50.40604,48.543568,-46.697098,44.86582,-43.04937,41.247093,-39.45862,37.683353,-35.92071,34.170166,-32.43119,30.703112,-28.98509,27.276903,-25.578083,23.887764,-22.205477,20.53074,-18.863026,17.201584,-15.545942,13.895622,-12.249734,10.608102,-8.970029,7.3350015,-5.702503,4.0717974,-2.4424279,0.8139953
110.51798,-340.81714,601.0595,-919.39087,1340.5693,-1945.3184,2898.0845,-4586.0225,8124.7686,-17983.393,69994.39,-110706.72,64415.254,-15245.133,6357.708,-3324.4512,1957.7957,-1236.6906,815.3624,-551.0772,376.4634,-256.4709,171.46579,-109.79012,64.18832,-29.966406,3.9873645,15.90406,-31.22418,43.061935,-52.21366,59.270947,-64.67941,68.77908,-71.83239,74.04376,-75.57415,76.55114,-77.07651,77.23215,-77.0843,76.687065,-76.08479,75.313484,-74.40295,73.37826,-72.259796,71.06459,-69.80727,68.49968,-67.15168,65.77197,-64.36763,62.94417,-61.506924,60.06021,-58.607193,57.151176,-55.694565,54.23932,-52.787155,51.33947,-49.897667,48.46237,-47.03441,45.61446,-44.202946,42.800167,-41.40611,40.021282,-38.645706,37.279034,-35.921597,34.5733,-33.233765,31.902927,-30.580496,29.266367,-27.960258,26.66188,-25.370975,24.08728,-22.810406,21.539835,-20.275503,19.017153,-17.764225,16.516455,-15.273557,14.035209,-12.800921,11.570407,-10.34337,9.119206,-7.8978395,6.6788054,-5.4617724,4.246407,-3.0322092,1.8188883,-0.60619426
-73.28118,225.02478,-393.32224,592.96826,-846.0285,1189.2347,-1690.2041,2487.884,-3910.615,6906.273,-15276.443,59535.03,-94470.484,55188.82,-13137.427,5518.9146,-2911.9814,1733.9451,-1110.2728,744.4835,-514.0488,361.06104,-255.35616,180.01317,-124.969795,83.95375,-52.900307,29.087883,-10.6429615,-3.755271,15.057544,-23.960695,30.983702,-36.51862,40.865475,-44.256397,46.872993,-48.85854,50.32699,-51.369736,52.060562,-52.459576,52.615967,-52.569897,52.35457,-51.997837,51.522564,-50.947895,50.290188,-49.562927,48.77741,-47.943527,47.06947,-46.161873,45.226894,-44.269657,43.294178,-42.304367,41.303288,-40.293526,39.27734,-38.256653,37.233284,-36.208378,35.18317,-34.15871,33.135803,-32.115105,31.096998,-30.08222,29.071098,-28.063662,27.060417,-26.061527,25.066925,-24.076754,23.090971,-22.10966,21.132755,-20.160177,19.191856,-18.227707,17.267544,-16.311075,15.358339,-14.40923,13.463404,-12.520732,11.58107,-10.644239,9.709929,-8.777983,7.848229,-6.9202633,5.9940805,-5.069376,4.1459465,-3.2235847,2.3019567,-1.3808854,0.46022502
50.20908,-153.66312,266.72858,-397.6575,558.1391,-766.4284,1053.6019,-1477.4573,2157.3157,-3375.764,5949.6333,-13158.018,51345.363,-81705.45,47894.863,-11456.13,4841.483,-2573.1812,1545.6796,-1000.21466,679.31165,-476.4556,341.25824,-247.4435,180.25444,-130.90533,93.912674,-65.71786,43.934692,-26.918041,13.506123,-2.861241,-5.631775,12.431969,-17.886883,22.262993,-25.767073,28.561172,-30.773478,32.506275,-33.841824,34.846844,-35.57579,36.07313,-36.375587,36.51381,-36.51308,36.39459,-36.176334,35.87328,-35.49804,35.061546,-34.57296,34.039864,-33.469116,32.866505,-32.236732,31.584206,-30.912514,30.224728,-29.523539,28.811264,-28.090042,27.361425,-26.62695,25.887941,-25.145493,24.40053,-23.653723,22.905981,-22.157856,21.409653,-20.662008,19.915272,-19.1696,18.42529,-17.68248,16.941387,-16.202108,15.46471,-14.729259,13.995799,-13.26429,12.534601,-11.80685,11.081037,-10.35697,9.634623,-8.913949,8.194873,-7.477216,6.7609086,-6.045875,5.331853,-4.6188855,3.9067845,-3.1954377,2.4847286,-1.7744421,1.0644833,-0.35478044
-35.382507,107.99853,-186.43231,275.51935,-381.8264,515.0887,-690.8763,936.007,-1300.6381,1888.599,-2946.1519,5185.8,-11470.073,44815.195,-71490.99,42031.05,-10094.492,4287.374,-2292.3557,1386.8113,-904.99976,620.825,-440.67923,320.241,-236.37697,176.08319,-131.61,98.11519,-72.45283,52.510975,-36.831676,24.383987,-14.4234085,6.402486,0.087978944,-5.3582907,9.64685,-13.138919,15.97999,-18.285404,20.147396,-21.640377,22.824799,-23.749956,24.456417,-24.977865,25.342157,-25.572578,25.688818,-25.707327,25.641985,-25.504742,25.30568,-25.053242,24.754934,-24.417141,24.045164,-23.643852,23.21724,-22.768806,22.301605,-21.81828,21.321236,-20.812346,20.293386,-19.765915,19.231245,-18.690512,18.144613,-17.594584,17.04116,-16.484848,15.92639,-15.366278,14.804835,-14.2424755,13.679474,-13.116151,12.552719,-11.989358,11.426234,-10.863492,10.301196,-9.739338,9.178091,-8.617534,8.0575905,-7.498308,6.9397144,-6.381809,5.8245087,-5.2678137,4.711714,-4.1560526,3.60091,-3.0461829,2.4918265,-1.9377911,1.383949,-0.83026606,0.27672485
25.550844,-77.82069,133.74054,-196.2645,269.2665,-358.24713,471.56546,-622.7646,835.32446,-1153.3037,1668.0695,-2596.5488,4566.8496,-10104.148,39526.355,-63192.62,37248.19,-8977.045,3828.9094,-2057.5115,1252.0836,-822.7183,568.9385,-407.6821,299.592,-224.11038,169.67207,-129.37874,98.91629,-75.47934,57.182674,-42.723484,31.17938,-21.883665,14.345435,-8.197265,3.160139,0.9805774,-4.391965,7.205423,-9.525306,11.435239,-13.002786,14.282847,-15.320402,16.1526,-16.81014,17.318617,-17.699562,17.970999,-18.148123,18.24395,-18.26949,18.234024,-18.145706,18.011503,-17.837273,17.62828,-17.388973,17.1232,-16.834333,16.525309,-16.198769,15.856856,-15.501559,15.134623,-14.757546,14.371643,-13.977991,13.577738,-13.171759,12.760728,-12.345468,11.926586,-11.5045395,11.079832,-10.652843,10.223978,-9.793538,9.361791,-8.928981,8.495327,-8.060978,7.6260147,-7.190658,6.7550454,-6.319188,5.8831897,-5.447134,5.011079,-4.575013,4.1389885,-3.703047,3.267111,-2.8312883,2.3955405,-1.9598736,1.5242883,-1.0887234,0.65318996,-0.21771221
-18.85125,57.31355,-98.138504,143.1965,-194.86957,256.4192,-332.5951,430.71677,-562.7314,749.43243,-1029.9208,1485.378,-2308.7039,4058.7925,-8983.863,35184.57,-56361.68,33297.51,-8049.174,3445.6023,-1859.4349,1137.1543,-751.48346,523.1177,-377.72073,280.0478,-211.6772,162.23802,-125.539764,97.70821,-76.22197,59.38521,-46.024834,35.309746,-26.63859,19.568068,-13.766059,8.980078,-5.0156174,1.7211316,1.0227454,-3.3109374,5.219624,-6.8103967,8.133443,-9.229977,10.133972,-10.87365,11.472627,-11.950666,12.324409,-12.608023,12.81351,-12.951023,13.029397,-13.05619,13.037815,-12.979962,12.887478,-12.7645645,12.614901,-12.441695,12.247816,-12.0356455,11.8073635,-11.564888,11.309883,-11.043813,10.767913,-10.483426,10.191353,-9.892501,9.587765,-9.277849,8.963316,-8.644747,8.322608,-7.9973693,7.669407,-7.339057,7.0066285,-6.6723995,6.336584,-5.9993362,5.6609125,-5.3214965,4.981169,-4.6400785,4.298351,-3.9560905,3.6133425,-3.2701993,2.9267416,-2.5829546,2.2389672,-1.894791,1.5504715,-1.206049,0.8615127,-0.5169094,0.17229517
14.174786,-43.031902,73.46096,-106.68354,144.21721,-188.07669,241.09196,-307.4456,393.63632,-510.3192,676.08563,-925.9437,1332.643,-2069.1604,3636.9348,-8054.0947,31577.92,-50673.734,29997.963,-7270.744,3122.1812,-1691.0782,1038.564,-689.65125,482.7288,-350.75937,261.94128,-199.64241,154.49367,-120.899216,95.35464,-75.577614,60.031837,-47.65405,37.690304,-29.594536,22.963928,-17.496393,12.96199,-9.183492,6.0226264,-3.3703957,1.140001,0.73829055,-2.3209457,3.6540384,-4.775408,5.716337,-6.5028725,7.1567636,-7.696277,8.1368885,-8.491693,8.771787,-8.986751,9.14478,-9.252865,9.3171425,-9.34287,9.334611,-9.2963505,9.231567,-9.1433525,9.034319,-8.906829,8.762965,-8.604547,8.433176,-8.250228,8.05704,-7.8547196,7.6441917,-7.4264183,7.2021875,-6.9721518,6.7369595,-6.49715,6.2532477,-6.0056934,5.75488,-5.50117,5.2448907,-4.98631,4.7256403,-4.463168,4.1991167,-3.9336216,3.666866,-3.3990126,3.1302023,-2.8605247,2.5901048,-2.319055,2.04741,-1.7753154,1.5028234,-1.2300103,0.95694727,-0.68366474,0.41023687,-0.1367454
-10.839898,32.86687,-55.96548,80.95556,-108.83419,140.89046,-178.8799,225.30673,-283.9052,360.5068,-464.7006,613.24506,-837.72925,1203.8445,-1867.867,3283.033,-7274.3384,28550.645,-45889.32,27215.256,-6611.7915,2847.0679,-1546.9974,953.54895,-635.82367,447.1401,-326.62463,245.38428,-188.30048,146.85237,-115.947845,92.3961,-74.1176,59.711987,-48.20941,38.92158,-31.349716,25.125572,-19.97269,15.680585,-12.086821,9.064617,-6.5138974,4.3548717,-2.5233896,0.967472,0.35535577,-1.4800242,2.4354496,-3.245705,3.9309378,-4.508127,4.9916167,-5.3935547,5.724359,-5.9929357,6.2068954,-6.3728695,6.496554,-6.5828915,6.6361885,-6.660206,6.6582646,-6.633209,6.587588,-6.523645,6.443351,-6.3484435,6.2404313,-6.120742,5.990584,-5.8509903,5.7029867,-5.547437,5.385076,-5.216612,5.042648,-4.863761,4.680444,-4.4931417,4.302263,-4.108176,3.9111967,-3.7115862,3.5096567,-3.3056643,3.0997908,-2.892249,2.683232,-2.4729104,2.2614114,-2.0488865,1.8354745,-1.6212499,1.4063733,-1.1909288,0.9750187,-0.7587394,0.5421541,-0.3253599,0.10845932
8.4168005,-25.492992,43.31586,-62.44902,83.565544,-107.51586,135.42752,-168.86061,210.06178,-262.4,331.15378,-425.0193,559.2124,-762.43744,1094.4187,-1697.3003,2983.514,-6614.442,25986.252,-41828.72,24848.02,-6049.292,2611.2112,-1422.816,879.79205,-588.74304,415.6951,-305.02304,230.3132,-177.73816,139.50102,-110.93998,89.13214,-72.17196,58.775505,-48.052876,39.37229,-32.275578,26.424158,-21.563812,17.500782,-14.08551,11.20112,-8.755236,6.674192,-4.8987527,3.3808093,-2.0810373,0.9670799,-0.012113081,-0.80622005,1.5066588,-2.1049902,2.6145644,-3.0467575,3.4112787,-3.7164304,3.9693954,-4.176353,4.3426566,-4.472962,4.571329,-4.6413293,4.6860447,-4.708216,4.7102585,-4.6942945,4.6621995,-4.615612,4.556052,-4.4848285,4.403075,-4.311882,4.212186,-4.1047964,3.9904785,-3.8698957,3.7436712,-3.6123478,3.4764168,-3.336327,3.1924863,-3.045249,2.8949206,-2.7418365,2.5862823,-2.4284773,2.268662,-2.1070542,1.9438508,-1.7792104,1.6133069,-1.4463015,1.2783021,-1.1094818,0.93995196,-0.769836,0.5992518,-0.4282895,0.25706553,-0.08569967
-6.625463,20.049185,-34.003456,48.884155,-65.156624,83.39715,-104.352165,129.02744,-158.82857,195.792,-242.98294,305.21426,-390.42578,512.52277,-697.75195,1000.749,-1551.6034,2727.9111,-6051.287,23796.168,-38354.957,22818.725,-5565.7085,2407.7102,-1315.1912,815.5198,-547.44354,387.8851,-285.7228,216.672,-168.01434,132.57523,-106.06277,85.7852,-69.98682,57.483868,-47.45564,39.319096,-32.651066,27.138826,-22.547358,18.697512,-15.45086,12.699076,-10.356556,8.355046,-6.6395063,5.1652527,-3.895759,2.8008995,-1.8556882,1.0392988,-0.33424914,-0.27420467,0.79855424,-1.249433,1.6359276,-1.9658502,2.245922,-2.4819555,2.6789923,-2.841422,2.9730904,-3.0773335,3.1571007,-3.2149878,3.2532794,-3.2739933,3.278901,-3.2696214,3.247564,-3.2139616,3.1699724,-3.1166046,3.054741,-2.9852018,2.9087079,-2.8259284,2.7374532,-2.6438162,2.545505,-2.4429636,2.3365831,-2.2267075,2.1136942,-1.9978552,1.8794447,-1.7587261,1.6359404,-1.5113076,1.3850133,-1.2572517,1.1282034,-0.99800473,0.8668404,-0.7348448,0.60215986,-0.46892175,0.33524382,-0.20125884,0.067101784
5.2807684,-15.967548,27.03806,-38.775784,51.50937,-65.63872,81.67129,-100.27515,122.35986,-149.20488,182.67155,-225.56825,282.3115,-360.19485,471.9998,-641.8632,920.0513,-1426.2917,2508.2163,-5567.211,21912.133,-35362.055,21067.137,-5147.232,2231.0408,-1221.389,759.2369,-511.0706,363.22174,-268.46,204.34056,-159.10437,126.11493,-101.40124,82.47174,-67.70037,55.99053,-46.581486,38.932434,-32.650864,27.44646,-23.101051,19.448164,-16.358992,13.732778,-11.489933,9.566798,-7.912081,6.484155,-5.248892,4.178144,-3.2485874,2.4407284,-1.7381855,1.1271574,-0.59593415,0.13452706,0.2656034,-0.61179554,0.91038066,-1.1668351,1.385918,-1.5717813,1.7280391,-1.8578703,1.9640678,-2.0490913,2.1151106,-2.164037,2.1975963,-2.2173033,2.224492,-2.2203927,2.2060866,-2.1825294,2.1505978,-2.11107,2.06466,-2.0120046,1.9536793,-1.8902093,1.822073,-1.7496963,1.6734586,-1.59374,1.5108769,-1.4251547,1.3368585,-1.2462509,1.1535724,-1.0590336,0.96284634,-0.86520904,0.7662831,-0.66626406,0.5653063,-0.4635686,0.36120307,-0.25834328,0.1551366,-0.051731452
-4.2571487,12.863677,-21.75227,31.129494,-41.231934,52.343052,-64.81606,79.10652,-95.82064,115.78947,-140.18724,170.72685,-209.99715,262.07446,-333.6951,436.6699,-593.3136,850.11346,-1317.8281,2318.1606,-5148.378,20280.83,-32767.094,19545.965,-4782.972,2076.8235,-1139.2278,709.73615,-478.9229,341.29456,-253.00237,193.20164,-150.96722,120.13185,-97.00387,79.26585,-65.40505,54.40078,-45.544525,38.33262,-32.399242,27.473833,-23.352877,19.880892,-16.93764,14.429111,-12.280806,10.433203,-8.838374,7.4572897,-6.2579646,5.2140574,-4.3036666,3.5084667,-2.8131049,2.2046053,-1.6719295,1.2056907,-0.7978389,0.4414483,-0.13054663,-0.14004348,0.374822,-0.577712,0.75214803,-0.9011426,1.0273471,-1.133098,1.2204566,-1.2912668,1.3471555,-1.3895624,1.419796,-1.4390149,1.4482487,-1.4484341,1.4404061,-1.4249274,1.40268,-1.3742824,1.3402969,-1.3012362,1.2575601,-1.2096823,1.1580051,-1.102889,1.0446482,-0.9835894,0.9199949,-0.8541255,0.78621364,-0.71648866,0.6451653,-0.57242733,0.49848086,-0.42349863,0.3476543,-0.27111492,0.19403185,-0.11656594,0.03887787
3.4678867,-10.472573,17.687681,-25.266132,33.38121,-42.237694,52.086666,-63.246105,76.13066,-91.29607,109.50786,-131.8509,159.91077,-196.08727,244.16183,-310.387,405.73108,-550.9244,789.16406,-1223.407,2152.7778,-4783.856,18860.15,-30504.418,18217.646,-4464.252,1941.5542,-1066.9476,666.034,-450.42166,321.7571,-239.14682,183.14412,-143.55429,114.62037,-92.89489,76.21324,-63.161823,52.78632,-44.424324,37.60463,-31.985012,27.312166,-23.395327,20.08884,-17.280128,14.880891,-12.82124,11.045383,-9.50823,8.17309,-7.0099497,5.9939976,-5.104577,4.3244843,-3.6392426,3.0365794,-2.506113,2.0389647,-1.6275213,1.2652388,-0.94646055,0.6662882,-0.42045027,0.20522325,-0.01734787,-0.14604118,0.28746527,-0.4091499,0.51307017,-0.60097545,0.67441833,-0.73479366,0.78334284,-0.8211732,0.8492849,-0.8685733,0.8798514,-0.8838492,0.88122845,-0.87259007,0.8584816,-0.83939725,0.8157841,-0.7880673,0.7566316,-0.7218194,0.683958,-0.64334965,0.6002743,-0.55498564,0.5077294,-0.45873624,0.40821055,-0.35636896,0.30340123,-0.24949512,0.19483146,-0.1395782,0.083908625,-0.027995098
-2.852138,8.608601,-14.524181,20.713741,-27.306204,34.452076,-42.333244,51.176334,-61.27158,73.00025,-86.876,103.60863,-124.20618,150.14429,-183.6582,228.27222,-289.8171,378.5251,-513.7395,735.78296,-1140.7843,2008.1058,-4464.9365,17616.47,-28521.479,17052.043,-4184.0854,1822.3932,-1003.1099,627.3183,-425.08118,304.3123,-226.71196,174.06285,-136.81168,109.56178,-89.08077,73.33831,-61.007847,51.19386,-43.27438,36.807003,-31.470196,27.025705,-23.29421,20.138866,-17.453583,15.155261,-13.178179,11.469681,-9.98725,8.696361,-7.568654,6.580659,-5.712942,4.949233,-4.275797,3.6810756,-3.1552181,2.6898077,-2.2776372,1.9124959,-1.5890256,1.302558,-1.0490395,0.8249308,-0.6271253,0.45289445,-0.29983026,0.16580984,-0.048948694,-0.05242841,0.13981256,-0.21453524,0.2777873,-0.33063778,0.37404615,-0.40887955,0.43591872,-0.45587093,0.4693776,-0.47702286,0.47933593,-0.47679773,0.4698577,-0.45892543,0.44437096,-0.42654264,0.4057628,-0.3823305,0.35651988,-0.3285932,0.29879665,-0.26735425,0.2344933,-0.20041977,0.16533509,-0.12943336,0.09289808,-0.0559146,0.01866654
2.3665838,-7.1397614,12.0347805,-17.139065,22.549923,-28.37971,34.76246,-41.86275,49.887966,-59.105713,69.86947,-82.65706,98.13031,-117.23082,141.3382,-172.5436,214.14641,-271.60736,354.5112,-480.9849,688.8238,-1068.1542,1880.9641,-4184.6143,16522.695,-26775.84,16024.756,-3936.7842,1717.0089,-946.5246,592.90875,-402.48834,288.70056,-215.53488,165.85782,-130.6817,104.92827,-85.55482,70.64941,-58.96281,49.651264,-42.128807,35.97835,-30.896488,26.658514,-23.09539,20.077757,-17.505453,15.300085,-13.399443,11.753725,-10.322808,9.073973,-7.980316,7.019702,-6.1737,5.4268274,-4.766126,4.180596,-3.6608756,3.1989818,-2.7880583,2.4222138,-2.0963225,1.8059528,-1.5472443,1.316816,-1.1117046,0.92929757,-0.76730454,0.6236902,-0.49664408,0.3845671,-0.28602841,0.19974631,-0.12457625,0.05948925,-0.003559294,-0.0440489,0.08409139,-0.11725277,0.1441559,-0.16536675,0.18140128,-0.19273485,0.19980305,-0.20300376,0.20270737,-0.19925655,0.19296996,-0.18414214,0.173052,-0.1599614,0.14511336,-0.12874644,0.11108236,-0.092336014,0.07271463,-0.052416615,0.03163928,-0.010577409
-1.9799218,5.970794,-10.056052,14.3030615,-18.786236,23.590656,-28.816647,34.58577,-41.048992,48.398014,-56.881645,66.82969,-78.689095,93.08019,-110.88634,133.40279,-162.59438,201.56244,-255.44073,333.24448,-452.0269,647.3527,-1004.0512,1768.7699,-3937.198,15556.804,-25232.967,15115.865,-3717.6702,1623.4767,-896.20044,562.23364,-382.28995,274.69736,-205.47092,158.43643,-125.10754,100.68793,-82.30276,68.14548,-57.03522,48.174416,-41.008854,35.14373,-30.291973,26.24108,-22.830782,19.938576,-17.469683,15.349679,-13.51956,11.932187,-10.549434,9.340171,-8.278961,7.3447537,-6.519963,5.789951,-5.1423483,4.5666795,-4.0540442,3.5968313,-3.1885254,2.8234727,-2.4968028,2.2042863,-1.9422278,1.7073965,-1.496948,1.3084012,-1.1395514,0.988437,-0.85333735,0.73271084,-0.6251759,0.5295043,-0.4445909,0.36944494,-0.30317178,0.24496259,-0.19408607,0.14987755,-0.111732095,0.07909691,-0.051468536,0.028383834,-0.009416144,-0.0058279242,0.017712494,-0.026576411,0.032734998,-0.036484264,0.03810222,-0.03785073,0.03598018,-0.032727998,0.028322686,-0.02298459,0.01692687,-0.010358797,0.0034864766
1.6690888,-5.031587,8.467995,-12.030809,15.777633,-19.773743,24.095295,-28.833488,34.10008,-40.034943,46.816776,-54.678364,63.929115,-74.98926,88.44263,-105.1213,126.24643,-153.67122,190.32124,-241.04196,314.3439,-426.329,610.58716,-947.25385,1669.3807,-3717.9944,14700.741,-23864.5,14309.007,-3522.9329,1540.2317,-851.3364,534.8309,-364.2039,262.12457,-196.40627,151.72723,-120.04647,96.817795,-79.31615,65.828445,-55.234905,46.77883,-39.934036,34.325836,-29.681889,25.800137,-22.528349,19.750256,-17.37563,15.333676,-13.568386,12.034844,-10.696677,9.524375,-8.493681,7.5844564,-6.7800355,6.0664086,-5.431769,4.866131,-4.3609924,3.9091039,-3.5041955,3.1408865,-2.81452,2.5210373,-2.256901,2.0190022,-1.8046409,1.61142,-1.4372089,1.280148,-1.1385719,1.0109875,-0.8960734,0.79264003,-0.6996247,0.6160675,-0.54110175,0.47394505,-0.41388714,0.36028105,-0.31253466,0.27011377,-0.23252557,0.19931321,-0.17005871,0.1443752,-0.12190255,0.10230391,-0.08526529,0.070491835,-0.057702575,0.046634473,-0.037034117,0.02865903,-0.02127539,0.014655243,-0.008577008,0.0028229174
-1.4171475,4.2706966,-7.182705,10.19452,-13.351232,16.70353,-20.30999,24.239998,-28.577564,33.42647,-38.917423,45.218037,-52.547295,61.196964,-71.56375,84.19928,-99.89055,119.793045,-145.66055,180.26343,-228.19087,297.50485,-403.46295,577.8997,-896.7784,1581.0647,-3523.1865,13939.619,-22646.996,13590.598,-3349.3486,1465.9329,-811.2285,510.28738,-347.97018,250.81119,-188.22604,145.65247,-115.44571,93.28332,-76.57344,63.686676,-53.55748,45.465355,-38.909454,33.53325,-29.07707,25.348454,-22.202488,19.528187,-17.23949,15.2690115,-13.563238,12.079214,-10.782363,9.644471,-8.642278,7.756648,-6.971594,6.273709,-5.651714,5.0960474,-4.5985947,4.152362,-3.7513707,3.390466,-3.0651689,2.7715871,-2.5063083,2.266381,-2.049189,1.8524091,-1.6740246,1.5122293,-1.3654062,1.2321283,-1.1111124,1.0012152,-0.9014048,0.8107503,-0.7284132,0.6536331,-0.58571726,0.52403104,-0.4680065,0.41711855,-0.37087834,0.3288413,-0.2905962,0.25576016,-0.22397387,0.19490416,-0.1682384,0.14367595,-0.12094014,0.099761076,-0.07988173,0.061054267,-0.04303565,0.025591493,-0.008491852
1.2112361,-3.6490934,6.133626,-8.69772,11.377038,-14.211384,17.246357,-20.535433,24.14266,-28.14622,32.6433,-37.75679,43.644775,-50.51431,58.641598,-68.40254,80.320435,-95.14222,113.96468,-138.45372,171.24129,-216.68811,282.45706,-383.0531,548.746,-851.7802,1502.3492,-3349.5461,13261.051,-21560.951,12949.35,-3194.2893,1399.4904,-775.3163,488.2792,-333.3883,240.62885,-180.8469,140.15762,-111.27114,90.06441,-74.06499,61.71794,-52.005905,44.24111,-37.94559,32.77851,-28.491835,24.901825,-21.869799,19.289621,-17.079134,15.173793,-13.522294,12.083689,-10.824837,9.718619,-8.742876,7.879207,-7.112275,6.4292445,-5.8192883,5.2732615,-4.783315,4.3427687,-3.9458811,3.5876846,-3.2638743,2.9706874,-2.704882,2.4635892,-2.2442675,2.0447195,-1.8629793,1.6972896,-1.5461047,1.4080356,-1.2818491,1.166432,-1.0607824,0.9639994,-0.87526697,0.7938419,-0.7190435,0.65026605,-0.58694935,0.5285699,-0.47465432,0.4247649,-0.37849423,0.33545902,-0.29530558,0.25770214,-0.22232758,0.18889037,-0.15710331,0.12669404,-0.09739992,0.06896225,-0.04113315,0.0136697795
-1.0417901,3.137772,-5.271352,7.468926,-9.75898,12.173095,-14.747163,17.522898,-20.549765,23.887484,-27.60942,31.807165,-36.596893,42.12846,-48.598404,56.26915,-65.49831,76.78399,-90.8372,108.70284,-131.96829,163.1418,-206.38055,268.99094,-364.8054,522.69635,-811.5874,1432.0454,-3194.444,12654.705,-20590.049,12375.768,-3055.4575,1339.9371,-743.0875,468.49924,-320.26056,231.44427,-174.17542,135.17671,-107.47542,87.12749,-71.767044,59.90553,-50.56913,43.09968,-37.039097,32.06094,-27.92778,24.463337,-21.534653,19.040127,-16.90088,15.054888,-13.453105,12.056193,-10.832227,9.755301,-8.804061,7.960814,-7.210842,6.541797,-5.9433007,5.406488,-4.923846,4.488946,-4.0962453,3.7409575,-3.4189136,3.1265342,-2.8606598,2.6184983,-2.3976443,2.1959505,-2.0115,1.8426123,-1.6877794,1.5456659,-1.4150681,1.2949047,-1.1842047,1.0820905,-0.98776317,0.900491,-0.81962675,0.7445713,-0.6747636,0.6096988,-0.54891014,0.49196374,-0.43845055,0.38799468,-0.3402438,0.2948551,-0.25152087,0.2099356,-0.16981058,0.13086751,-0.09283124,0.055439543,-0.018435854
0.9012648,-2.7138734,4.5570188,-6.452072,8.42199,-10.492074,12.690866,-15.05127,17.61194,-20.41908,23.52885,-27.01053,30.950895,-35.46034,40.681458,-46.801445,54.070633,-62.830338,73.55596,-86.926796,103.94127,-126.116325,155.8499,-197.11685,256.9043,-348.44302,499.35516,-775.59033,1369.0988,-3055.5847,12111.873,-19720.562,11861.884,-2931.0117,1286.5205,-714.1565,450.7263,-308.45206,223.17123,-168.15677,130.67497,-104.03792,84.46153,-69.675064,58.249928,-49.251686,42.04799,-36.19895,31.39125,-27.396545,24.045403,-21.210209,18.79318,-16.718342,14.926236,-13.369637,12.01056,-10.818431,9.768229,-8.839374,8.014847,-7.2804565,6.624339,-6.0364122,5.5081725,-5.0323744,4.602797,-4.2140903,3.8616085,-3.541379,3.2499056,-2.9841065,2.7413368,-2.5192401,2.315718,-2.1289353,1.9572496,-1.7992092,1.6535085,-1.518976,1.3945624,-1.279321,1.1723907,-1.0729834,0.9804053,-0.89401394,0.8132073,-0.7374456,0.6662303,-0.5990985,0.535613,-0.4753738,0.4180061,-0.36314392,0.31046176,-0.2596345,0.21035574,-0.16233039,0.1152658,-0.06888432,0.022914581
-0.7840043,2.3602679,-3.9615273,5.605226,-7.3100243,9.096373,-10.987191,13.0086975,-15.191438,17.571585,-20.19267,23.107828,-26.382833,30.100336,-34.365623,39.314835,-45.12699,52.041645,-60.38537,70.61359,-83.377106,99.63259,-120.8342,149.28085,-188.78394,246.04457,-333.75464,478.41492,-743.31,1312.6646,-2931.1091,11625.212,-18940.848,11400.915,-2819.3289,1238.5542,-688.1583,434.74188,-297.82022,215.71355,-162.72337,126.60459,-100.92419,82.04119,-67.77079,56.738594,-48.044662,41.080257,-35.42206,30.768042,-26.8982,23.649488,-20.898804,18.551752,-16.535309,14.7920885,-13.276396,11.951759,-10.788582,9.7627,-8.85427,8.046846,-7.3267617,6.6824684,-6.1042743,5.5839605,-5.114502,4.6898804,-4.304894,3.9551075,-3.6366315,3.3460503,-3.0804393,2.8372023,-2.614032,2.4089172,-2.2200608,2.0458791,-1.8849505,1.7360022,-1.5978965,1.4696085,-1.3502078,1.2388434,-1.1347691,1.0372945,-0.9457721,0.85962343,-0.778315,0.70135164,-0.62826574,0.55863065,-0.492047,0.42812395,-0.36651623,0.30687767,-0.24888271,0.19221802,-0.13657227,0.081651114,-0.027167134
0.68554646,-2.0634503,3.4619663,-4.89544,6.379161,-7.9297996,9.565927,-11.308636,13.18231,-15.215584,17.442598,-19.904617,22.65219,-25.748096,29.271334,-33.32265,38.032566,-43.572803,50.173122,-58.14717,67.932396,-80.15396,95.73131,-116.062164,143.35655,-181.27925,236.27507,-320.55194,459.60495,-714.3267,1262.0126,-2819.4026,11188.478,-18241.033,10987.117,-2719.0486,1195.4667,-664.79407,420.3667,-288.2513,208.99493,-157.82347,122.92958,-98.108574,79.84865,-66.04259,55.363655,-46.943413,40.19457,-34.708145,30.192451,-26.435242,23.278883,-20.604279,18.32046,-16.356789,14.657632,-13.178993,11.885498,-10.7485,9.744645,-8.854717,8.062842,-7.3556933,6.7221427,-6.152803,5.639689,-5.175991,4.755848,-4.3742795,4.026938,-3.7100155,3.4202645,-3.1548095,2.9111028,-2.6869297,2.4803169,-2.2895298,2.113014,-1.9493821,1.7973955,-1.6559418,1.5240119,-1.4006848,1.285155,-1.1766787,1.0745578,-0.97817075,0.88694525,-0.8003504,0.71788526,-0.63909376,0.56354946,-0.49083444,0.4205817,-0.35242206,0.2860092,-0.22100987,0.1570926,-0.09394486,0.03126179
-0.60243124,1.8129523,-3.0405898,4.297228,-5.5954885,6.94907,-8.373146,9.884841,-11.503806,13.252938,-15.15931,17.255346,-19.580374,22.182737,-25.122578,28.475647,-32.338753,36.837395,-42.136654,48.457737,-56.102665,65.49266,-77.23007,92.20087,-111.75203,138.01387,-174.51982,227.48428,-308.68106,442.70218,-688.2945,1216.5298,-2719.1084,10796.37,-17612.725,10615.573,-2628.978,1156.756,-643.7916,407.43723,-279.63828,202.94284,-153.40576,119.612206,-95.56335,77.863914,-64.4752,54.11387,-45.94006,39.385136,-34.053215,29.662199,-26.006447,22.933136,-20.327196,18.100443,-16.18426,14.524944,-13.07974,11.814334,-10.70098,9.717016,-8.843849,8.065974,-7.3705196,6.746686,-6.1853347,5.678711,-5.220168,4.804085,-4.42557,4.0803585,-3.7648237,3.475766,-3.2103593,2.9661546,-2.7409744,2.532911,-2.3402593,2.1614997,-1.9952803,1.8403884,-1.6957266,1.560295,-1.4332213,1.3137012,-1.2009809,1.0943905,-0.9933143,0.8971819,-0.8054554,0.7176462,-0.6332981,0.5519635,-0.47325134,0.39676744,-0.32214257,0.24902187,-0.17705196,0.10590049,-0.03524348
0.53181106,-1.6001654,2.682827,-3.7897086,4.9313035,-6.118952,7.36515,-8.683915,10.0912285,-11.605574,13.248634,-15.0461645,17.029121,-19.235193,21.71078,-24.513666,27.7168,-31.41348,35.724598,-40.80948,46.88162,-54.232506,63.26897,-74.572784,88.99979,-107.85147,133.1867,-168.42072,219.56122,-297.9919,427.4948,-664.88855,1175.657,-2629.021,10444.335,-17048.709,10282.103,-2548.168,1122.026,-624.95013,395.8372,-271.91074,197.51268,-149.44089,116.63366,-93.277565,76.08042,-63.065666,52.98926,-45.03624,38.654938,-33.461582,29.182255,-25.617176,22.618315,-20.073885,17.898062,-16.024433,14.40071,-12.985332,11.744988,-10.652697,9.6864805,-8.828148,8.062689,-7.377583,6.762298,-6.2079415,5.706929,-5.252872,4.8402376,-4.4642215,4.120752,-3.806249,3.5175629,-3.2519715,3.0070627,-2.780728,2.571089,-2.3764753,2.1954045,-2.0265503,1.8687146,-1.7208083,1.5818835,-1.4510677,1.3275443,-1.2105894,1.0995383,-0.99377686,0.89272577,-0.79586047,0.7026916,-0.6127389,0.5255846,-0.44080675,0.3580112,-0.27681914,0.19685325,-0.11775941,0.039192636
-0.471605,1.4187976,-2.3780262,3.3576124,-4.36634,5.4136643,-6.509954,7.6667757,-8.897234,10.216386,-11.641764,13.194033,-14.897822,16.782858,-18.885382,21.250067,-23.932678,27.003672,-30.553114,34.69795,-39.592297,45.442684,-52.531296,61.251984,-72.16804,86.10831,-104.333626,128.83861,-162.93259,212.43773,-288.38846,413.83923,-643.8789,1138.9795,-2548.2012,10128.506,-16542.836,9983.077,-2475.6807,1090.867,-608.03973,385.4229,-264.97058,192.6327,-145.87488,113.95304,-91.21822,74.47156,-61.792652,51.97184,-44.216797,37.99148,-32.922497,28.743206,-25.259624,22.327652,-19.838293,17.708275,-15.872819,14.280991,-12.892361,11.674472,-10.601098,9.650705,-8.80564,8.051275,-7.375378,6.7676787,-6.2194667,5.723434,-5.2732835,4.8635736,-4.4897046,4.147652,-3.8338876,3.54537,-3.279415,3.0336823,-2.806093,2.594804,-2.398183,2.2147744,-2.0432653,1.8824654,-1.731341,1.5889425,-1.4543829,1.3268772,-1.2057065,1.0902069,-0.97975373,0.873782,-0.77176553,0.67318827,-0.57760245,0.4845559,-0.3936267,0.3044099,-0.21650194,0.12952474,-0.043110255
0.4199045,-1.263085,2.116451,-2.9870315,3.8822258,-4.8099694,5.778927,-6.798712,7.880157,-9.035627,10.279427,-11.62829,13.102011,-14.724283,16.52374,-18.535341,20.802279,-23.378527,26.332232,-29.750706,33.74732,-38.471478,44.12355,-50.977333,59.414986,-69.98326,83.4869,-101.150085,124.90992,-157.98065,206.01846,-279.74393,401.55905,-625.00275,1106.0569,-2475.7102,9845.519,-16089.81,9715.425,-2410.851,1063.016,-592.9361,376.12854,-258.78046,188.28247,-142.6987,111.56685,-89.38608,73.04145,-60.66176,51.068413,-43.48977,37.40321,-32.444523,28.354189,-24.942976,22.070122,-19.629606,17.540052,-15.738231,14.174484,-12.809338,11.611171,-10.554246,9.617617,-8.784044,8.039209,-7.3711615,6.769823,-6.226778,5.7348127,-5.287724,4.8802876,-4.507951,4.1667404,-3.8532422,3.5644526,-3.2977622,3.0508592,-2.8217008,2.6084826,-2.4095993,2.223607,-2.0492003,1.8852471,-1.7307104,1.5846235,-1.4461322,1.3144561,-1.1888759,1.0687157,-0.95336515,0.8422571,-0.73483545,0.63061893,-0.529122,0.42989177,-0.3324943,0.23649704,-0.14149547,0.047095932
-0.37537602,1.1289988,-1.8912905,2.668224,-3.4660704,4.2915325,-5.1518984,6.0552173,-7.010508,8.0280075,-9.119481,10.298604,-11.581431,12.98704,-14.538291,16.262854,-18.194597,20.375414,-22.857603,25.707373,-29.009546,32.874252,-37.446766,42.921917,-49.565945,57.750595,-68.0079,81.12091,-98.28112,121.37409,-153.52931,200.25406,-271.98804,390.55038,-608.09485,1076.5862,-2410.8718,9592.515,-15685.047,9476.45,-2352.9868,1038.1715,-579.47064,367.84543,-253.26535,184.40892,-139.87135,109.44315,-87.7563,71.76952,-59.655895,50.26509,-42.84328,36.87973,-32.019115,28.007778,-24.660538,21.840149,-19.442816,17.388954,-15.616787,14.077737,-12.733264,11.552289,-10.509719,9.58506,-8.761407,8.024742,-7.363322,6.7673817,-6.228605,5.739874,-5.2952175,4.889458,-4.518095,4.177274,-3.8636193,3.5742054,-3.30645,3.0580783,-2.8270874,2.611699,-2.41032,2.2215118,-2.044031,1.8767403,-1.7185824,1.5686256,-1.4260194,1.2899821,-1.1597801,1.0347526,-0.91428626,0.7977805,-0.6847167,0.5745719,-0.4668591,0.36111203,-0.25686634,0.15368798,-0.051155087
0.336794,-1.0128393,1.6963036,-2.3922894,3.1061425,-3.8435593,4.610708,-5.4143724,6.262115,-7.162472,8.125198,-9.161559,10.284693,-11.510099,12.8562155,-14.345171,16.003822,-17.86508,19.96961,-22.368326,25.125683,-28.324238,32.0713,-36.50842,41.825436,-48.28188,56.240257,-66.21934,78.98288,-95.69312,118.18981,-149.52647,195.07732,-265.0319,380.68973,-592.9677,1050.2545,-2353.004,9366.999,-15324.621,9263.87,-2301.5842,1016.1325,-567.5409,360.5157,-248.39305,180.99164,-137.38054,107.57573,-86.325584,70.654724,-58.776188,49.563972,-42.27996,36.424736,-31.650322,27.708038,-24.4169,21.6423,-19.282522,17.259651,-15.513135,13.9954405,-12.668629,11.50233,-10.471945,9.557338,-8.741929,8.011919,-7.3558993,6.764208,-6.228626,5.7422824,-5.2992516,4.894407,-4.523373,4.182334,-3.867993,3.5774522,-3.308166,3.0579002,-2.824677,2.6067293,-2.4024675,2.2105186,-2.0296314,1.8586456,-1.6965401,1.5423859,-1.3953298,1.2545738,-1.1193997,0.9891421,-0.86315095,0.7408654,-0.62172085,0.50519216,-0.39077705,0.27797568,-0.16632138,0.055360664
-0.30326518,0.9119103,-1.5269377,2.1527307,-2.7938716,3.4552286,-4.142055,4.860103,-5.615758,6.4161863,-7.2695374,8.1851635,-9.173905,10.248467,-11.423855,12.717944,-14.152254,15.752931,-17.551977,19.589062,-21.91385,24.589195,-27.69571,31.33816,-35.654755,40.83093,-47.120293,54.877045,-64.60823,77.0604,-93.36995,115.335655,-145.9434,190.44954,-258.82162,371.89682,-579.49664,1026.8323,-2301.5918,9166.847,-15005.135,9075.696,-2256.1484,996.67725,-557.02185,354.0636,-244.11018,177.99194,-135.19824,105.94233,-85.07612,69.683235,-58.01112,48.955147,-41.791973,36.03157,-31.332176,27.450197,-24.207808,21.472847,-19.145536,17.149347,-15.424912,13.925366,-12.613557,11.459651,-10.43944,9.533135,-8.72439,7.999766,-7.3479567,6.7594023,-6.2261453,5.741359,-5.2991686,4.8945785,-4.52325,4.1814494,-3.8659067,3.5737603,-3.302505,3.0499322,-2.8140738,2.5931644,-2.3856828,2.1902466,-2.0055773,1.8305529,-1.6641538,1.5054467,-1.3535599,1.2077105,-1.067175,0.93124723,-0.7993191,0.6707793,-0.5450601,0.42161903,-0.2999168,0.17945026,-0.059730805
0.2740083,-0.82385385,1.3792177,-1.943885,2.5218039,-3.117158,3.734447,-4.378579,5.054978,-5.7697024,6.529606,-7.3425117,8.217434,-9.164872,10.197145,-11.328825,12.577326,-13.963636,15.513224,-17.257368,19.234842,-21.494165,24.096834,-27.121708,30.671286,-34.880833,39.93193,-46.07287,53.65056,-63.161617,75.3375,-91.29155,112.786224,-142.74786,186.32878,-253.29977,364.09116,-567.5555,1006.10126,-2256.1519,8990.228,-14723.705,8910.247,-2216.2715,979.6288,-547.8247,348.43344,-240.38034,175.38637,-133.30724,104.53029,-83.999275,68.8485,-57.355453,48.435295,-41.37693,35.69824,-31.063702,27.233559,-24.03289,21.331785,-19.032063,17.058533,-15.352574,13.868195,-12.568827,11.425061,-10.413062,9.51329,-8.709782,7.989204,-7.3403535,6.753948,-6.2220726,5.7379494,-5.2958403,4.8907847,-4.51853,4.1753664,-3.8580594,3.563789,-3.2900743,3.0347145,-2.7957406,2.57146,-2.3603384,2.160963,-1.9720945,1.7926111,-1.6214874,1.4577684,-1.3005984,1.1491871,-1.0027659,0.86067307,-0.7222451,0.5868663,-0.4539493,0.32291076,-0.19320676,0.06430946
-0.24838671,0.74674964,-1.2499071,1.7611436,-2.2838788,2.8217273,-3.3785641,3.958601,-4.5664725,5.207335,-5.88699,6.6120267,-7.3899965,8.229644,-9.141165,10.136542,-11.229998,12.438544,-13.7826605,15.287288,-16.983055,18.907907,-21.109419,23.647861,-26.600533,30.067947,-34.18283,39.123302,-45.133034,52.552467,-61.869175,73.801186,-89.4415,110.520905,-139.91359,182.68007,-248.4196,357.20462,-557.0392,987.8762,-2216.2815,8835.587,-14477.875,8766.065,-2181.5825,964.8394,-539.86664,343.57428,-237.17183,173.15204,-131.69073,103.32801,-83.08611,68.14323,-56.804188,48.000546,-41.03145,35.42256,-30.843071,27.056696,-23.89116,21.218391,-18.941725,16.986818,-15.296007,13.823944,-12.534517,11.398721,-10.392977,9.4981575,-8.698404,7.980489,-7.333502,6.7481995,-6.2167115,5.732406,-5.289575,4.883347,-4.50949,4.16433,-3.8446734,3.5477223,-3.2710028,3.0123098,-2.7697506,2.5416162,-2.326338,2.122543,-1.9289913,1.7445526,-1.5681773,1.3989259,-1.2359335,1.0783602,-0.9254841,0.77658254,-0.6309862,0.48805717,-0.34716272,0.20771341,-0.06913739
0.22578478,-0.678742,1.1358839,-1.6000736,2.0742872,-2.5616627,3.0655549,-3.589597,4.137772,-4.714493,5.3247023,-5.9739866,6.668714,-7.4162207,8.225011,-9.105017,10.067951,-11.12773,12.300981,-13.607792,15.072631,-16.725525,18.603748,-20.75401,23.235495,-26.12415,29.518785,-33.549843,38.39246,-44.28622,51.566017,-60.711376,72.42855,-87.79295,108.50784,-137.40157,179.45554,-244.11891,351.15344,-547.8262,971.96106,-2181.589,8701.563,-14265.495,8641.932,-2151.8657,952.23004,-533.1144,339.4757,-234.48183,171.29051,-130.35413,102.341934,-82.34321,67.575226,-56.365242,47.65831,-40.763412,35.21203,-30.67753,26.926731,-23.789476,21.139412,-18.88081,16.940378,-15.261159,13.798283,-12.516066,11.38577,-10.384253,9.492487,-8.6947155,7.978018,-7.331517,6.7460093,-6.2137747,5.7282047,-5.283683,4.875354,-4.4990196,4.151045,-3.828257,3.5278606,-3.2473745,2.9846728,-2.7378423,2.5051339,-2.2850204,2.0761256,-1.8771986,1.6870811,-1.5047386,1.3292199,-1.1596053,0.99510354,-0.83492553,0.67834103,-0.5246551,0.37317953,-0.22327346,0.07431551
-0.20586272,0.61880505,-1.0354164,1.4582043,-1.8897709,2.332854,-2.7903724,3.2654774,-3.7616112,4.2825713,-4.8325953,5.416449,-6.039539,6.708062,-7.4291644,8.211142,-9.06372,9.99838,-11.028743,12.171151,-13.445347,14.87536,-16.490742,18.32816,-20.433565,22.865221,-25.69793,29.028992,-32.986908,37.744217,-43.537056,50.69544,-59.69191,71.222725,-86.348274,106.747856,-135.21106,176.65083,-240.38794,345.91806,-539.8783,958.27576,-2151.8608,8587.038,-14084.76,8536.785,-2126.8052,941.64264,-527.4765,336.07294,-232.26149,169.76508,-129.26726,101.54616,-81.74948,67.12625,-56.022015,47.394485,-40.559944,35.05495,-30.556545,26.833998,-23.7191,21.08654,-18.841753,16.9122,-15.241435,13.785043,-12.507612,11.380864,-10.381754,9.491347,-8.694212,7.977451,-7.3302207,6.743471,-6.209502,5.721796,-5.274749,4.863535,-4.4839945,4.1325107,-3.8059092,3.5013838,-3.2165356,2.9492135,-2.6974592,2.4595659,-2.2340002,2.0193727,-1.8144002,1.617939,-1.4289404,1.2463928,-1.0694271,0.89717823,-0.72884744,0.5636752,-0.40091112,0.23985621,-0.0798335
0.18822096,-0.56573474,0.9464794,-1.3326607,1.7265643,-2.13059,2.5472894,-2.9794095,3.429941,-3.9021704,4.39975,-4.9267716,5.4878535,-6.0882654,6.734053,-7.432196,8.190832,-9.01951,9.929486,-10.934171,12.049653,-13.295357,14.694972,-16.277624,18.07945,-20.145767,22.534073,-25.318161,28.594069,-32.488625,37.172222,-42.877987,49.931732,-58.800213,70.17127,-85.09235,105.22293,-133.31944,174.2372,-237.18883,341.44644,-533.11945,946.6931,-2126.8103,8491.066,-13934.234,8449.777,-2106.1938,933.0045,-522.9152,333.34415,-230.50009,168.56923,-128.4256,100.93933,-81.30473,66.79617,-55.775734,47.210358,-40.42251,34.953083,-30.481943,26.78055,-23.681833,21.061743,-18.826519,16.904158,-15.238673,13.785926,-12.510984,11.385653,-10.386966,9.49633,-8.698323,7.9800696,-7.3308835,6.741726,-6.204985,5.7141504,-5.2636433,4.848674,-4.465096,4.1092863,-3.7780557,3.4686823,-3.178737,2.9060163,-2.6486056,2.4047883,-2.1730146,1.9518583,-1.7400497,1.5364281,-1.3398774,1.1494389,-0.96416193,0.7831696,-0.6056296,0.4307207,-0.25767866,0.08576352
-0.1724847,0.518402,-0.8671758,1.2207546,-1.5811545,1.950488,-2.3309963,2.725085,-3.1353645,3.5646946,-4.0162406,4.493533,-5.0005426,5.541777,-6.1223845,6.7482767,-7.426312,8.164494,-8.972193,9.860512,-10.842677,11.93454,-13.155286,14.528303,-16.082344,17.85311,-19.8854,22.236042,-24.977999,28.206234,-32.046227,36.666504,-42.297634,49.262035,-58.021683,69.25725,-84.00576,103.90999,-131.69904,172.18071,-234.47885,337.68304,-527.47144,937.0819,-2106.197,8412.854,-13812.666,8380.214,-2089.9321,926.2853,-519.4209,331.29218,-229.20335,167.709,-127.83749,100.52996,-81.0165,66.5933,-55.634064,47.113197,-40.358204,34.91316,-30.460327,26.772366,-23.683535,21.070616,-18.840364,16.921242,-15.257516,13.805532,-12.530417,11.404031,-10.403758,9.510992,-8.710316,7.9890103,-7.3363867,6.743491,-6.2027087,5.7075477,-5.252459,4.832661,-4.4439955,4.082817,-3.7460217,3.430852,-3.1348178,2.8557591,-2.5917475,2.3410459,-2.1020617,1.8733805,-1.6537123,1.4418211,-1.2366453,1.0371367,-0.84232885,0.6513064,-0.46316808,0.27707535,-0.09221688
0.15846565,-0.4762386,0.7965476,-1.1211208,1.451744,-1.7902851,2.1387215,-2.4991693,2.8739192,-3.2654712,3.676583,-4.110319,4.5701113,-5.0598392,5.5839148,-6.1473784,6.756049,-7.4166827,8.137144,-8.926695,9.796303,-10.759021,11.830535,-13.029819,14.380001,-15.909537,17.653791,-19.657122,21.975815,-24.682158,27.87028,-31.664515,36.231842,-41.80086,48.69129,-57.361134,68.485596,-83.09314,102.81326,-130.3534,170.48387,-232.25906,334.62524,-522.9196,929.41016,-2089.9255,8351.784,-13719.065,8327.525,-2077.8376,921.3865,-516.9363,329.87582,-228.33807,167.1598,-127.48278,100.2999,-80.87021,66.50446,-55.585205,47.092583,-40.35755,34.926754,-30.48363,26.802195,-23.71752,21.106863,-18.877417,16.957846,-15.29291,13.838964,-12.56116,11.431709,-10.427954,9.531271,-8.726395,8.000586,-7.3432345,6.745371,-6.1993895,5.698822,-5.2381215,4.812485,-4.4177246,4.050282,-3.7070098,3.3850806,-3.0820465,2.79573,-2.524177,2.2656016,-2.0184212,1.7811964,-1.5525535,1.331313,-1.1163142,0.9064892,-0.7008278,0.49833766,-0.29809582,0.099209875
-0.14592892,0.43853703,-0.7334055,1.0320733,-1.3361286,1.6472303,-1.96713,2.2976983,-2.640954,2.9990935,-3.3745315,3.7699418,-4.188307,4.6329856,-5.1077805,5.6170163,-6.1656632,6.7594624,-7.4050612,8.110248,-8.884187,9.737719,-10.683784,11.737922,-12.918928,14.249735,-15.758581,17.48054,-19.459633,21.751724,-24.428604,27.583706,-31.340448,35.86469,-41.383545,48.214554,-56.81291,67.84946,-82.346214,101.922714,-129.27023,169.13159,-230.50984,332.24377,-519.4232,923.61273,-2077.84,8307.381,-13652.745,8291.307,-2069.801,918.27313,-515.44403,329.08304,-227.8996,166.91943,-127.359116,100.24912,-80.86587,66.529884,-55.62983,47.14926,-40.42165,34.994602,-30.552834,26.871056,-23.784702,21.171381,-18.938412,17.014917,-15.345595,13.886776,-12.6039505,11.469246,-10.459954,9.557592,-8.74685,8.015056,-7.351567,6.74741,-6.194994,5.687842,-5.2203755,4.7877526,-4.3858724,4.011123,-3.6602783,3.3305502,-3.0194685,2.7248237,-2.4446054,2.177035,-1.9205,1.6734681,-1.4346232,1.2026758,-0.9764412,0.75480115,-0.5366593,0.3209964,-0.1068277
0.13462512,-0.40454662,0.6764901,-0.9518312,1.231988,-1.5184387,1.812742,-2.116558,2.4316735,-2.760027,3.103743,-3.4651659,3.8469007,-4.251871,4.683372,-5.145138,5.6414375,-6.177182,6.7580295,-7.390572,8.082527,-8.842968,9.682659,-10.614442,11.653734,-12.819202,14.133645,-15.625114,17.328482,-19.28751,21.557781,-24.21068,27.339106,-31.065874,35.556065,-41.035637,47.820766,-56.36451,67.33468,-81.74889,101.219894,-128.42834,168.0988,-229.19902,330.49908,-516.9311,919.60645,-2069.8054,8279.285,-13613.167,8271.282,-2065.8186,916.9609,-514.9573,328.9313,-227.90451,167.00104,-127.48032,100.38976,-81.014404,66.67991,-55.777405,47.29232,-40.558468,35.124367,-30.675127,26.985558,-23.891262,21.269812,-19.028898,17.097471,-15.420109,13.953452,-12.662841,11.520302,-10.5032425,9.593101,-8.774613,8.035051,-7.36375,6.751736,-6.191395,5.6762047,-5.2005334,4.7596254,-4.3493147,3.9658961,-3.6061802,3.2673495,-2.9468944,2.64254,-2.3522792,2.0742974,-1.8068779,1.5485463,-1.2978644,1.0535133,-0.8142498,0.57885873,-0.34621045,0.11521447
-0.12443617,0.3739113,-0.6252018,0.87954193,-1.1382024,1.4025064,-1.6738454,1.9536995,-2.2436569,2.545436,-2.8609145,3.192158,-3.5414534,3.9113584,-4.3047447,4.7248535,-5.175375,5.660536,-6.1851816,6.7549314,-7.376331,8.057031,-8.806057,9.63411,-10.553951,11.580918,-12.7336035,14.034693,-15.512128,17.200636,-19.14384,21.397108,-24.031534,27.139738,-30.844185,35.309406,-40.76081,47.513664,-56.019768,66.94528,-81.30539,100.70947,-127.83275,167.3896,-228.33145,329.39716,-515.4443,917.3913,-2065.8123,8267.279,-13599.987,8267.285,-2065.8357,917.4077,-515.4535,329.40488,-228.33748,167.3943,-127.837006,100.71334,-81.30869,66.94803,-56.02242,47.516174,-40.76315,35.311604,-30.846249,27.141718,-24.033297,21.398767,-19.145466,17.202087,-15.51346,14.035977,-12.734807,11.582053,-10.554995,9.63509,-8.806984,8.0578985,-7.3771515,6.755726,-6.1859455,5.6612167,-5.175993,4.725437,-4.305274,3.9118323,-3.5418835,3.1925619,-2.8612816,2.545767,-2.2439673,1.9539505,-1.6740588,1.4026816,-1.1383443,0.8796608,-0.62527853,0.37394142,-0.12443762
0.11524599,-0.3462812,0.5789524,-0.8143707,1.0536796,-1.2980672,1.5487818,-1.8071473,2.0745819,-2.3526154,2.6429152,-2.9473093,3.2678156,-3.606683,3.9664276,-4.3498774,4.760241,-5.201178,5.676864,-6.19212,6.7525353,-7.364608,8.035964,-8.77559,9.594137,-10.504323,11.521454,-12.664061,13.9547825,-15.421495,17.098879,-19.03047,21.271502,-23.892988,26.987465,-30.677198,35.126637,-40.560947,47.295086,-55.780567,66.68317,-81.01785,100.3937,-127.48491,167.00589,-227.9098,328.93793,-514.96326,916.9684,-2065.836,8271.284,-13613.155,8279.286,-2069.8025,919.59607,-516.9235,330.49243,-229.19275,168.09366,-128.42401,101.21585,-81.74499,67.33134,-56.36157,47.81811,-41.033245,35.55388,-31.063921,27.337196,-24.208914,21.556217,-19.285969,17.327003,-15.623768,14.132378,-12.818018,11.652598,-10.613375,9.681665,-8.842035,8.08166,-7.3897896,6.757322,-6.1764874,5.6407733,-5.144532,4.6828003,-4.251329,3.8463984,-3.46472,3.1033404,-2.7596667,2.4313703,-2.1162689,1.812489,-1.5182207,1.231809,-0.9517019,0.67638934,-0.4044691,0.13459001
-0.106864065,0.32108343,-0.5367818,0.75496334,-0.97665995,1.2029428,-1.4349352,1.6738263,-1.9208871,2.1774852,-2.445107,2.7253778,-3.0200858,3.3312175,-3.6609888,4.0118794,-4.386695,4.78862,-5.2212744,5.6888204,-6.1960597,6.7485495,-7.3527775,8.016347,-8.7482195,9.559025,-10.461477,11.470857,-12.605688,13.888594,-15.347464,17.016964,-18.9406,21.17364,-23.787159,26.873701,-30.555698,34.9977,-40.425053,47.153057,-55.633774,66.53406,-80.87052,100.25439,-127.36469,166.92546,-227.90671,329.09,-515.45197,918.2857,-2069.813,8291.32,-13652.778,8307.386,-2077.8103,923.5945,-519.4092,332.23172,-230.50032,169.12378,-129.26324,101.91624,-82.34068,67.84463,-56.80858,48.210674,-41.38002,35.86153,-31.337423,27.58092,-24.42611,21.749315,-19.457348,17.478447,-15.756621,14.247906,-12.91719,11.736293,-10.682266,9.736299,-8.882867,8.109046,-7.403966,6.758404,-6.1646605,5.616099,-5.1069193,4.632177,-4.18756,3.7692747,-3.3739288,2.9985538,-2.6404934,2.297269,-1.9667561,1.64691,-1.3358663,1.0318801,-0.7332585,0.43843037,-0.14588334
0.099190064,-0.2980158,0.49818307,-0.70060205,0.90620726,-1.1159678,1.3308977,-1.5520693,1.7806257,-2.0177944,2.2649057,-2.5234106,2.794901,-3.0811396,3.384086,-3.7059271,4.049126,-4.4164715,4.811118,-5.2366796,5.697307,-6.197782,6.7436614,-7.3414245,7.998664,-8.724339,9.529093,-10.425641,11.429282,-12.558561,13.83615,-15.289975,16.954735,-18.874039,21.103304,-23.713734,26.798164,-30.47932,34.92216,-40.352688,47.08714,-55.579147,66.49786,-80.862976,100.29157,-127.473145,167.14886,-228.32436,329.8591,-516.9171,921.36005,-2077.802,8327.525,-13719.084,8351.799,-2089.954,929.4308,-522.9341,334.63773,-232.26991,170.49294,-130.36089,102.82022,-83.099556,68.49145,-57.366543,48.69628,-41.80555,36.236046,-31.66843,27.874023,-24.685545,21.97893,-19.66008,17.656551,-15.912125,14.382393,-13.032057,11.832639,-10.760989,9.798152,-8.928456,8.138815,-7.4181976,6.7574363,-6.1486773,5.5851,-5.060913,4.571089,-4.111225,3.6774044,-3.2662103,2.8745966,-2.499736,2.1392057,-1.7906873,1.4520705,-1.1213852,0.79672587,-0.47632524,0.15848358
-0.092234306,0.27710858,-0.46320394,0.65134835,-0.84239125,1.0372124,-1.236731,1.4419174,-1.653804,1.8734968,-2.102192,2.34119,-2.5919144,2.855937,-3.1349995,3.431039,-3.7462308,4.0830283,-4.444197,4.832892,-5.2527246,5.7078347,-6.203013,6.7438188,-7.336733,7.989361,-8.71069,9.511384,-10.404198,11.404475,-12.530838,13.806029,-15.258051,16.921755,-18.840948,21.071253,-23.68424,26.773136,-30.461199,34.914185,-40.359184,47.11416,-55.635166,66.594574,-81.01774,100.531166,-127.83899,167.71008,-229.20451,331.29483,-519.4239,926.2905,-2089.9512,8380.221,-13812.655,8412.852,-2106.1934,937.0751,-527.46735,337.68024,-234.47614,172.17778,-131.69687,103.90832,-84.004326,69.25605,-58.02064,49.261204,-42.296726,36.665688,-32.045597,28.205536,-24.9773,22.235447,-19.884842,17.852592,-16.081831,14.527822,-13.154846,11.934128,-10.842302,9.8602,-8.971933,8.1642065,-7.4260225,6.7480235,-6.1221347,5.5415277,-5.0003076,4.4933352,-4.016063,3.5645373,-3.135247,2.724952,-2.3308773,1.9503814,-1.5810663,1.2206984,-0.8671247,0.51834935,-0.17245528
0.08578138,-0.25771448,0.4307623,-0.6056802,0.7832426,-0.9642505,1.1495401,-1.3399919,1.5365417,-1.7401897,1.9520148,-2.1731877,2.4049861,-2.648817,2.9062352,-3.1789644,3.468934,-3.7783136,4.109539,-4.46538,4.8489943,-5.263988,5.714515,-6.2053757,6.742139,-7.3313055,7.980518,-8.698794,9.49685,-10.387495,11.386168,-12.511574,13.786557,-15.23929,16.904846,-18.827265,21.062557,-23.682714,26.78153,-30.483068,34.954178,-40.423603,47.211582,-55.777122,66.79754,-81.30609,100.94094,-128.42693,168.57063,-230.50258,333.3469,-522.91907,933.014,-2106.202,8449.783,-13934.25,8491.066,-2126.7935,946.68475,-533.11426,341.44193,-237.18428,174.23389,-133.31691,105.22078,-85.09057,70.16973,-58.798965,49.930424,-42.876816,37.171295,-32.48764,28.593098,-25.317327,22.533293,-20.14505,18.078745,-16.276966,14.69437,-13.294794,12.049141,-10.933736,9.929116,-9.019116,8.190441,-7.431851,6.7337174,-6.087936,5.4875445,-4.926508,4.3995137,-3.9019601,3.4297788,-2.979235,2.547134,-2.1304522,1.7264504,-1.3325858,0.94641393,-0.56567156,0.18818694
-0.07982111,0.23980248,-0.40080455,0.56351864,-0.7286529,0.8969391,-1.0691401,1.2460582,-1.428544,1.6175054,-1.8139194,2.0188437,-2.2334297,2.4589422,-2.6967747,2.9484684,-3.2157423,3.5005238,-3.8049698,4.1315236,-4.482962,4.8624425,-5.2735896,5.7205725,-6.2082067,6.742088,-7.3287606,7.9759064,-8.6926,9.489627,-10.379895,11.378942,-12.505587,13.782853,-15.239149,16.90979,-18.83921,21.083853,-23.716272,26.831045,-30.553286,35.051376,-40.55613,47.390408,-56.017456,67.12115,-81.74394,101.53964,-129.25984,169.75728,-232.25237,336.06238,-527.46606,941.6275,-2126.7827,8536.779,-14084.759,8587.043,-2151.882,958.2928,-539.89056,345.92664,-240.39584,176.65802,-135.21739,106.7536,-86.353455,71.22756,-59.69608,50.699265,-43.540737,37.747444,-32.98982,29.031757,-25.700485,22.867601,-20.435738,18.330177,-16.492634,14.877119,-13.446997,12.172732,-11.0302515,9.9997225,-9.064935,8.212283,-7.4301977,6.708987,-6.0403767,5.4172306,-4.8333035,4.2832084,-3.7622035,3.2659605,-2.790783,2.3331919,-1.8900446,1.4584309,-1.0355647,0.61886764,-0.20586935
0.07433184,-0.22330709,0.3732199,-0.524705,0.678412,-0.8350118,0.99520254,-1.1597177,1.3293334,-1.5048765,1.6872352,-1.8773689,2.0763192,-2.285228,2.5053496,-2.7380676,2.9849212,-3.2476308,3.5281148,-3.8285406,4.151362,-4.49936,4.8757143,-5.284068,5.728612,-6.2141924,6.7464533,-7.331984,7.9785295,-8.69524,9.493004,-10.384836,11.3863945,-12.516685,13.798967,-15.261897,16.94118,-18.881674,21.140364,-23.790554,26.9278,-30.678614,35.21323,-40.76476,47.65967,-56.36664,67.57685,-82.34473,102.34359,-130.35654,171.29329,-234.48532,339.48166,-533.12115,952.2382,-2151.8826,8641.932,-14265.4795,8701.556,-2181.585,971.9565,-547.82007,351.1495,-244.11621,179.4533,-137.39981,108.50633,-87.79181,72.42725,-60.710217,51.565163,-44.28525,38.391483,-33.549023,29.518017,-26.123442,23.234789,-20.75335,18.60315,-16.724964,15.072123,-13.607371,12.300632,-11.127344,10.067561,-9.104676,8.224676,-7.4158864,6.6684,-5.973722,5.3244653,-4.7142825,4.137615,-3.58942,3.0653965,-2.561521,2.0741699,-1.5999987,1.1358161,-0.6786726,0.2257461
-0.069148645,0.20773289,-0.34718055,0.4880759,-0.6310166,0.77661914,-0.9255244,1.0784048,-1.2359707,1.3989776,-1.5682356,1.7446173,-1.9290689,2.1226246,-2.3264182,2.541696,-2.7698421,3.0123985,-3.2710793,3.5478158,-3.8447871,4.164454,-4.509621,4.883489,-5.2897253,5.7325525,-6.2168684,6.748363,-7.3336916,7.9806743,-8.698566,9.498363,-10.3932,11.398918,-12.534753,13.824205,-15.296299,16.98714,-18.942095,21.21884,-23.891562,27.05707,-30.843504,35.423065,-41.03191,48.000965,-56.804718,68.14357,-83.08645,103.32882,-131.69164,173.15321,-237.17435,343.5768,-539.869,964.84424,-2181.5833,8766.0625,-14477.875,8835.59,-2216.2798,987.86957,-557.03595,357.2031,-248.41843,182.67937,-139.91302,110.52069,-89.44099,73.80074,-61.869015,52.55211,-45.132603,39.123005,-34.182545,30.067692,-26.60024,23.647585,-21.10918,18.907682,-16.98286,15.287166,-13.782596,12.438413,-11.22984,10.136419,-9.141028,8.229488,-7.3898454,6.6119127,-5.886889,5.2072473,-4.5664277,3.958518,-3.378486,2.8216524,-2.2838159,1.7611123,-1.249869,0.7466951,-0.24835141
0.06432378,-0.19323643,0.3229466,-0.45399377,0.5869294,-0.7223217,0.86076105,-1.0028658,1.1492882,-1.300721,1.4579054,-1.6216387,1.7927827,-1.9722784,2.161154,-2.3605382,2.5716796,-2.7959669,3.034939,-3.2903242,3.5640678,-3.8583584,4.175682,-4.518867,4.89114,-5.2962046,5.7383347,-6.2224774,6.7543902,-7.340805,7.9896483,-8.710281,9.513823,-10.413589,11.425639,-12.5694475,13.868863,-15.353292,17.059317,-19.032944,21.332651,-24.033762,27.234514,-31.064758,35.699295,-41.378,48.43651,-57.356575,68.849686,-84.000916,104.5321,-133.30936,175.38962,-240.38377,348.43692,-547.82983,979.6329,-2216.2751,8910.255,-14723.722,8990.227,-2256.131,1006.0915,-567.5505,364.08734,-253.29713,186.32663,-142.74637,112.78451,-91.29005,75.336464,-63.160423,53.649357,-46.071888,39.93102,-34.880005,30.670462,-27.120943,24.096146,-21.493525,19.234266,-17.256903,15.512847,-13.963208,12.576891,-11.328448,10.196773,-9.164498,8.217083,-7.342219,6.5293446,-5.7694707,5.054809,-4.3783836,3.7342715,-3.117,2.521673,-1.9438031,1.3791419,-0.82377356,0.27396265
-0.059714008,0.1793875,-0.29979944,0.42144912,-0.5448467,0.6705173,-0.7990061,0.9308832,-1.0667495,1.2072417,-1.3530401,1.5048752,-1.6635354,1.8298787,-2.0048418,2.1894493,-2.384833,2.5922482,-2.8130817,3.0488873,-3.3014088,3.5726016,-3.864681,4.1801577,-4.521886,4.893131,-5.297645,5.7397537,-6.22447,6.7576275,-7.346061,7.9978013,-8.72233,9.530935,-10.437146,11.457247,-12.611034,13.922718,-15.422138,17.14646,-19.142418,21.469498,-24.204273,27.446465,-31.328127,36.027172,-41.7873,48.949936,-58.005432,69.677315,-85.06961,105.935196,-135.19089,177.98337,-244.09982,354.0519,-557.00635,996.6566,-2256.1228,9075.688,-15005.131,9166.846,-2301.6138,1026.8531,-579.5124,371.91013,-258.83267,190.4594,-145.9514,115.342674,-93.37656,77.066,-64.61313,54.88163,-47.124454,40.83475,-35.658188,31.34131,-27.698633,24.591888,-21.916359,19.591452,-17.554245,15.754933,-14.154055,12.719627,-11.425371,10.249817,-9.175123,8.186297,-7.270562,6.4171057,-5.616612,4.860797,-4.1426435,3.455712,-2.7942624,2.153055,-1.527149,0.91199815,-0.30327353
0.055366874,-0.16632856,0.27797592,-0.39077237,0.5051912,-0.6217191,0.740861,-0.8631442,0.98912376,-1.1193869,1.2545605,-1.3953158,1.5423759,-1.6965271,1.8586253,-2.0296044,2.2104948,-2.4024346,2.6066802,-2.8246343,3.0578668,-3.308134,3.5774183,-3.8679607,4.1822996,-4.523329,4.894362,-5.299204,5.742246,-6.2285776,6.7641315,-7.355847,8.011871,-8.741851,9.557279,-10.471893,11.502289,-12.668597,13.995432,-15.513169,17.259638,-19.282473,21.642275,-24.41691,27.707998,-31.650236,36.4247,-42.279797,49.56378,-58.776253,70.65482,-86.3258,107.57652,-137.38133,180.9923,-248.3944,360.51678,-567.5421,1016.1362,-2301.5955,9263.859,-15324.582,9366.988,-2353.0144,1050.259,-592.97174,380.69247,-265.03467,195.0788,-149.52765,118.19128,-95.69398,78.98342,-66.21997,56.240795,-48.282368,41.825787,-36.50872,32.071598,-28.3245,25.125944,-22.368647,19.96997,-17.865309,16.00398,-14.345345,12.856339,-11.510171,10.284743,-9.161636,8.125271,-7.162539,6.2622194,-5.414404,4.610726,-3.8435614,3.1061416,-2.3923125,1.6962982,-1.0127933,0.3367554
-0.05118412,0.15376453,-0.25698313,0.36127117,-0.46706864,0.574828,-0.6850179,0.7981275,-0.9146708,1.0351912,-1.1602675,1.2905186,-1.4266106,1.5692654,-1.7192677,1.8774726,-2.0448203,2.2223482,-2.411198,2.6126409,-2.828097,3.0591497,-3.3075821,3.5754032,-3.8648822,4.178596,-4.5194874,4.890922,-5.2967687,5.741493,-6.2302814,6.7691674,-7.3652024,8.026691,-8.7634735,9.58724,-10.512023,11.554722,-12.735846,14.080495,-15.619649,17.391943,-19.446001,21.843552,-24.664103,28.01153,-32.023167,36.88395,-42.847797,50.270184,-59.661434,71.775635,-87.76345,109.45097,-139.87988,184.41898,-253.27654,367.85837,-579.4873,1038.1946,-2353.0105,9476.45,-15685.043,9592.503,-2410.8455,1076.5702,-608.08185,390.54092,-271.97903,200.24628,-153.52316,121.36815,-98.27558,81.11614,-68.00356,57.74667,-49.562263,42.918537,-37.4437,32.871426,-29.006973,25.7051,-22.855589,20.373444,-18.192728,16.261171,-14.536713,12.985552,-11.580063,10.2974,-9.118402,8.027046,-7.0097084,6.054452,-5.1512303,4.2909575,-3.4655995,2.6678865,-1.891026,1.1287926,-0.37528148
0.047087792,-0.14146128,0.23643003,-0.33239612,0.42976964,-0.52897197,0.6304392,-0.7346261,0.84201,-0.9530947,1.0684162,-1.188547,1.3141016,-1.4457453,1.5842003,-1.730251,1.8847588,-2.0486727,2.223033,-2.4089973,2.6078546,-2.8210385,3.0501595,-3.2970264,3.5636768,-3.852418,4.165875,-4.5070405,4.8793426,-5.2867227,5.7337394,-6.225674,6.7686706,-7.3699274,8.037931,-8.782711,9.616226,-10.552794,11.609662,-12.807784,14.172805,-15.736428,17.538168,-19.627638,22.06799,-24.940672,28.351776,-32.441845,37.400314,-43.486847,51.06526,-60.658382,73.03811,-89.3823,111.56242,-142.69395,188.27667,-258.7734,376.12048,-592.92676,1063.0001,-2410.821,9715.412,-16089.807,9845.526,-2475.7346,1106.0717,-625.0156,401.5676,-279.7508,206.02515,-157.98573,124.91403,-101.15399,83.49035,-69.986374,59.41768,-50.979763,44.125805,-38.473526,33.749226,-29.752562,26.334026,-23.38004,20.803598,-18.536589,16.524837,-14.72523,13.102854,-11.629092,10.280153,-9.036279,7.8807898,-6.7991896,5.7793255,-4.810289,3.8824816,-2.9872594,2.116586,-1.2631124,0.41988462
-0.043136384,0.12959422,-0.21660869,0.30455562,-0.39381823,0.48479,-0.5778778,0.6735056,-0.7721178,0.8741831,-0.9801993,1.0906973,-1.2062461,1.327461,-1.4550084,1.5896108,-1.7320606,1.8832278,-2.0440657,2.215632,-2.399101,2.595777,-2.8071206,3.034768,-3.2805583,3.5465658,-3.8351457,4.1489725,-4.4911013,4.86503,-5.2747903,5.725034,-6.221149,6.7694197,-7.3772187,8.053212,-8.80768,9.652853,-10.603369,11.6768875,-12.89486,14.283591,-15.875575,17.711205,-19.841347,22.330849,-25.263048,28.74675,-32.926254,37.995663,-44.221287,51.976715,-61.79822,74.47755,-91.2246,113.96028,-145.88269,192.64133,-264.9808,385.4354,-608.0531,1090.8809,-2475.7063,9983.087,-16542.838,10128.497,-2548.176,1138.966,-643.86566,413.82825,-288.38058,212.43015,-162.92557,128.8328,-104.32843,86.10368,-72.16373,61.248062,-52.527782,45.439472,-39.589405,34.695427,-30.550915,27.001505,-23.930616,21.248228,-18.883656,16.781225,-14.896321,13.192722,-11.640594,10.215345,-8.89638,7.665946,-6.509229,5.4130387,-4.3658276,3.3572497,-2.3777378,1.4185649,-0.471495
0.039182317,-0.11772033,0.19677977,-0.27671263,0.35787758,-0.4406428,0.5253887,-0.6125112,0.7024251,-0.7955673,0.8924011,-0.9934202,1.0991528,-1.2101694,1.3270864,-1.4505718,1.5813558,-1.7202398,1.8680991,-2.0259035,2.1947274,-2.3757613,2.570335,-2.7799354,3.0062277,-3.2510867,3.5166342,-3.805273,4.1197376,-4.46315,4.8390946,-5.2516937,5.705699,-6.206632,6.760941,-7.3761673,8.061213,-8.826608,9.684879,-10.651044,11.743216,-12.983441,14.398735,-16.022371,17.89585,-20.071514,22.615833,-25.614458,29.179342,-33.45862,38.651768,-45.032856,52.98585,-63.061893,76.076126,-93.27297,116.6283,-149.43465,197.50572,-271.90286,395.82654,-624.93494,1122.0087,-2548.1406,10282.093,-17048.709,10444.347,-2629.0518,1175.6724,-664.89923,427.50534,-297.99933,219.56686,-168.42607,133.19135,-107.85559,89.00329,-74.575905,63.271843,-54.235096,46.88402,-40.811817,35.72686,-31.415363,27.718431,-24.515205,21.712128,-19.23635,17.030146,-15.047143,13.249519,-11.606365,10.092001,-8.684493,7.3656306,-6.1193357,4.9316106,-3.7899842,2.6829886,-1.6001943,0.53178394
-0.035271265,0.10597656,-0.17717136,0.24918602,-0.3223571,0.39702973,-0.47356042,0.5523199,-0.6336962,0.7180975,-0.80595636,0.897733,-0.99391925,1.0950453,-1.2016835,1.3144528,-1.434029,1.5611521,-1.6966292,1.8413525,-1.9963088,2.1625886,-2.341408,2.5341234,-2.74225,2.9674892,-3.2117617,3.4772365,-3.766374,4.0819755,-4.4272456,4.8058567,-5.2220263,5.680636,-6.187362,6.748813,-7.3727536,8.068318,-8.846316,9.719626,-10.703683,11.817144,-13.082703,14.528074,-16.187521,18.103846,-20.330812,22.936884,-26.010397,29.66652,-34.05781,39.390064,-45.945557,54.11972,-64.48137,77.87075,-95.57063,119.62008,-153.41469,202.95312,-279.64926,407.44894,-643.80743,1156.7755,-2629.0093,10615.588,-17612.73,10796.369,-2719.0786,1216.5062,-688.28033,442.6891,-308.66928,227.47499,-174.51175,138.00687,-111.74562,92.19513,-77.22501,65.48808,-56.098583,48.454212,-42.133602,36.834404,-32.33593,28.473139,-25.120235,22.180532,-19.578354,17.253588,-15.157743,13.25155,-11.5026655,9.883739,-8.372186,6.9482427,-5.5948114,4.2967477,-3.0402095,1.8126482,-0.6022884
0.031259228,-0.09393071,0.15706235,-0.22096467,0.28595382,-0.352354,0.4204997,-0.4907387,0.5634345,-0.6389693,0.7177477,-0.8001994,0.8867835,-0.97799397,1.0743632,-1.1764665,1.2849306,-1.400441,1.523744,-1.6556629,1.7971067,-1.9490783,2.1126933,-2.2891932,2.4799626,-2.6865516,2.9107063,-3.1543925,3.419835,-3.7095585,4.026443,-4.373777,4.7553244,-5.175426,5.6391087,-6.1522007,6.7215185,-7.3550444,8.062174,-8.854039,9.743902,-10.747697,11.884666,-13.178132,14.656693,-16.35577,18.319407,-20.603094,23.277607,-26.433996,30.19112,-34.706734,40.193237,-46.941917,55.361893,-66.04075,79.84646,-98.10597,122.92676,-157.82039,208.9907,-288.24536,420.3604,-664.78577,1195.4569,-2719.03,10987.122,-18241.068,11188.484,-2819.399,1262.0205,-714.3302,459.6064,-320.5543,236.27707,-181.28108,143.35793,-116.06336,95.7325,-80.15502,67.93343,-58.148327,50.17436,-43.57368,38.03324,-33.32334,29.271887,-25.748507,22.652533,-19.904999,17.44295,-15.215902,13.182688,-11.308841,9.566083,-7.9299054,6.379241,-4.8955517,3.462001,-2.063384,0.6854771
-0.027146796,0.08158445,-0.13645536,0.19205172,-0.2486711,0.30661836,-0.36620805,0.42776677,-0.49163583,0.55817366,-0.6277594,0.70079535,-0.7777108,0.858967,-0.9450606,1.0365275,-1.1339507,1.2379668,-1.3492678,1.4686162,-1.5968521,1.7349004,-1.8837882,2.0446565,-2.218775,2.4075618,-2.6126106,2.8357115,-3.0788846,3.3444166,-3.634908,3.953319,-4.3030276,4.687914,-5.1124573,5.5818286,-6.1020527,6.6801515,-7.3243504,8.044346,-8.851625,9.7599125,-10.785672,11.948723,-13.273183,14.788688,-16.531754,18.547949,-20.894775,23.64533,-26.893795,30.763382,-35.417263,41.075085,-48.039,56.73258,-67.76414,82.03381,-100.916176,126.59584,-162.7131,215.70122,-297.80667,434.72583,-688.13965,1238.5298,-2819.3037,11400.903,-18940.822,11625.218,-2931.1562,1312.6906,-743.32623,478.42938,-333.76642,246.05457,-188.79218,149.28796,-120.8406,99.63824,-83.38224,70.618454,-60.389977,52.0455,-45.130337,39.317944,-34.368347,30.10269,-26.384922,23.109781,-20.19443,17.57315,-15.192926,13.009849,-10.988153,9.09715,-7.3106475,5.605764,-3.961859,2.3603663,-0.7839828
0.022950422,-0.06898713,0.1154324,-0.16256176,0.21065567,-0.2600014,0.31089517,-0.3636444,0.41857013,-0.47600925,0.53631777,-0.5998732,0.66707784,-0.7383636,0.8141949,-0.89507234,0.9815398,-1.07419,1.1736671,-1.280679,1.3960046,-1.5205004,1.6551155,-1.8009022,1.9590291,-2.1307993,2.3176737,-2.5212886,2.743488,-2.986352,3.2522407,-3.5438325,3.8641744,-4.216756,4.605591,-5.0352955,5.5112276,-6.039607,6.627685,-7.2839704,8.018493,-8.843166,9.772206,-10.822606,12.014909,-13.374172,14.931016,-16.72331,18.798393,-21.215792,24.0513,-27.402798,31.398027,-36.20612,42.05553,-49.25984,58.258575,-69.6843,84.47166,-104.04911,130.68698,-168.16966,223.18642,-308.46964,450.74774,-714.18274,1286.5574,-2931.0664,11861.898,-19720.559,12111.868,-3055.546,1369.0629,-775.56616,499.33575,-348.42712,256.89038,-197.10478,155.83958,-126.10721,103.93329,-86.91999,73.55014,-62.824734,54.065407,-46.796833,40.677197,-35.45637,30.947292,-27.007397,23.52607,-20.416624,17.60991,-15.049341,12.689193,-10.490641,8.420821,-6.4512343,4.5563655,-2.7133684,0.9010345
-0.01843765,0.055441115,-0.09282995,0.13086404,-0.16980779,0.20993201,-0.2515158,0.29484865,-0.34023276,0.38798505,-0.43844002,0.49195233,-0.54889953,0.60968643,-0.67474794,0.7445525,-0.8196083,0.9004684,-0.9877334,1.0820624,-1.1841792,1.2948786,-1.4150403,1.5456374,-1.687749,1.8425763,-2.0114625,2.1959102,-2.3976073,2.6184542,-2.8606017,3.1264842,-3.418863,3.7408912,-4.096184,4.4888844,-4.9237857,5.406428,-5.9432454,6.5417547,-7.210773,7.9607234,-8.803972,9.755218,-10.832113,12.056051,-13.452969,15.054691,-16.900656,19.039965,-21.534475,24.463154,-27.927704,32.060814,-37.038857,43.09947,-50.56878,59.905025,-71.76653,87.126976,-107.4745,135.17522,-174.17406,231.44266,-320.2589,468.49692,-743.0856,1339.935,-3055.4392,12375.779,-20590.105,12654.715,-3194.4226,1432.041,-811.5848,522.6949,-364.80377,268.98956,-206.37975,163.14111,-131.96788,108.70289,-90.83761,76.78392,-65.49805,56.269047,-48.598198,42.128128,-36.596558,31.806978,-27.609274,23.887363,-20.549812,17.522749,-14.747006,12.172927,-9.758835,7.4688897,-5.271259,3.137584,-1.0416555
0.013633055,-0.041020114,0.068770856,-0.0971305,0.12634851,-0.15668029,0.18838899,-0.22174749,0.2570404,-0.2945662,0.3346396,-0.37759414,0.4237846,-0.47359103,0.52742136,-0.58571464,0.6489468,-0.7176349,0.79234034,-0.8736779,0.96232206,-1.0590127,1.164567,-1.2798878,1.405975,-1.5439392,1.6950203,-1.8606025,2.0422375,-2.2416685,2.4608638,-2.702046,2.967729,-3.2607768,3.584461,-3.942522,4.33927,-4.7796707,5.269469,-5.8153477,6.425113,-7.1079493,7.874699,-8.738177,9.713689,-10.819661,12.078286,-13.51659,15.167798,-17.072908,19.283075,-21.862915,24.89467,-28.484238,32.770374,-37.936993,44.23185,-51.9959,61.707237,-74.053474,90.05164,-111.256805,140.1421,-180.8296,240.60953,-333.366,488.25375,-775.28625,1399.4469,-3194.2405,12949.335,-21560.934,13261.059,-3349.6023,1502.3883,-851.81,548.7686,-383.0715,282.473,-216.70166,171.25328,-138.46472,113.974846,-95.15069,80.32772,-68.4092,58.647423,-50.519337,43.64922,-37.760887,32.64696,-28.14946,24.145678,-20.53782,17.248358,-14.213011,11.378343,-8.698814,6.1343246,-3.6493564,1.2112399
-0.008518341,0.025669219,-0.043163463,0.061232585,-0.08011204,0.10004287,-0.12127337,0.1440609,-0.16867383,0.19539343,-0.22451621,0.25635615,-0.2912472,0.32954657,-0.37163758,0.41793266,-0.46887806,0.52495843,-0.5866995,0.65467644,-0.7295191,0.81191826,-0.90263516,1.0025101,-1.1124723,1.2335525,-1.3668989,1.5137914,-1.6756624,1.8541174,-2.050965,2.2682433,-2.5082526,2.7736056,-3.0672798,3.392669,-3.7536707,4.154762,-4.601103,5.098675,-5.654435,6.276533,-6.974547,7.7597384,-8.645486,9.647806,-10.785864,12.082838,-13.567022,15.273045,-17.243725,19.532648,-22.207289,25.353493,-29.082329,33.53887,-38.915356,45.471577,-53.56419,63.693962,-76.581116,93.29138,-115.45485,145.66266,-188.23772,250.82454,-347.98633,510.3075,-811.25085,1465.9667,-3349.4077,13590.606,-22646.969,13939.602,-3523.1565,1581.0425,-896.75964,577.88403,-403.45065,297.49426,-228.18207,180.25636,-145.65492,119.78735,-99.885155,84.19466,-71.55945,61.192898,-52.543606,45.21491,-38.91468,33.42406,-28.575665,24.238089,-20.308323,16.702085,-13.350051,10.193714,-7.182041,4.2701197,-1.4168577
0.0028201195,-0.008568026,0.014639665,-0.0212533,0.028630897,-0.03699965,0.046593565,-0.05765517,0.07043726,-0.08520475,0.10223681,-0.12182895,0.14429541,-0.16997208,0.19921911,-0.23242399,0.27000567,-0.31241846,0.36015552,-0.4137554,0.47380728,-0.5409568,0.6159147,-0.6994645,0.79247165,-0.89589494,1.0108007,-1.1383759,1.2799461,-1.436995,1.6111903,-1.8044075,2.0187597,-2.2566407,2.520771,-2.8142443,3.1406026,-3.503902,3.9088037,-4.3606906,4.8658013,-5.431414,6.066045,-6.7796626,7.5840516,-8.493243,9.523929,-10.696175,12.034308,-13.567881,15.333146,-17.37508,19.749767,-22.527807,25.799498,-29.681255,34.325092,-39.933174,46.77795,-55.23401,65.8273,-79.31465,96.8164,-120.04499,151.72577,-196.40463,262.12317,-364.2028,534.8277,-851.3345,1540.2333,-3522.916,14308.999,-23864.514,14700.748,-3718.0,1669.3823,-947.2539,610.58844,-426.32983,314.34506,-241.04376,190.32358,-153.67235,126.24698,-105.12202,88.443054,-74.98936,63.929134,-54.67857,46.816998,-40.035145,34.100506,-28.833544,24.095293,-19.77368,15.777567,-12.030881,8.467937,-5.03134,1.6688913
0.0034868033,-0.010359057,0.016926566,-0.02298386,0.02832201,-0.032727152,0.035979006,-0.037849307,0.038100153,-0.036482196,0.032732792,-0.026573908,0.017709877,-0.005824989,-0.009419269,0.028387181,-0.05147215,0.07910047,-0.111735195,0.14988121,-0.1940904,0.24496736,-0.30317667,0.36945036,-0.4445964,0.529509,-0.6251809,0.7327157,-0.8533444,0.9884423,-1.1395524,1.3084068,-1.4969544,1.7073973,-1.9422325,2.2042925,-2.4968116,2.8234837,-3.1885417,3.5968573,-4.0540586,4.5666847,-5.142359,5.7899675,-6.5199666,7.344744,-8.278961,9.340139,-10.549391,11.932192,-13.519564,15.3496895,-17.469772,19.938646,-22.8308,26.241133,-30.291965,35.143658,-41.008812,48.174416,-57.03506,68.14509,-82.302536,100.68773,-125.10746,158.43637,-205.47119,274.6981,-382.2895,562.2343,-896.20386,1623.4734,-3717.6675,15115.87,-25232.969,15556.809,-3937.196,1768.765,-1004.05035,647.35156,-452.02667,333.2454,-255.44257,201.56279,-162.59412,133.40285,-110.88613,93.07966,-78.688545,66.82943,-56.881462,48.397865,-41.049168,34.585545,-28.816393,23.590376,-18.78599,14.303019,-10.055893,5.9704466,-1.9796695
-0.010574321,0.03162783,-0.05239528,0.07268379,-0.09229723,0.11103481,-0.12868968,0.14504749,-0.15988481,0.1729674,-0.1840486,0.19286717,-0.19914526,0.20258638,-0.20287268,0.19966178,-0.19258434,0.18124045,-0.1651951,0.14397468,-0.117062,0.08389026,-0.0438373,-0.0037817543,0.059722543,-0.12482057,0.20000197,-0.28629553,0.38484702,-0.49693507,0.6239913,-0.76762086,0.92962724,-1.1120441,1.3171718,-1.5476153,1.8063406,-2.0967271,2.4226382,-2.7885067,3.199438,-3.6613426,4.181085,-4.7666407,5.4273515,-6.174234,7.020266,-7.980877,9.07455,-10.323451,11.754396,-13.400149,15.300894,-17.506279,20.078573,-23.096281,26.659395,-30.897364,35.979305,-42.129856,49.652245,-58.963665,70.6505,-85.55603,104.92969,-130.68329,165.85982,-215.53746,288.70248,-402.49133,592.914,-946.5267,1717.0117,-3936.7917,16024.766,-26775.86,16522.69,-4184.5923,1880.9573,-1068.1482,688.8205,-480.98373,354.51178,-271.60617,214.14464,-172.54243,141.33685,-117.22921,98.1288,-82.656006,69.868614,-59.104973,49.8877,-41.86206,34.761803,-28.37908,22.549393,-17.138834,12.034462,-7.1392703,2.366257
0.01869826,-0.05600593,0.093046404,-0.1296395,0.165602,-0.20074622,0.2348788,-0.2677993,0.29929873,-0.32915786,0.35714576,-0.3830178,0.40651354,-0.42735535,0.44524533,-0.4598623,0.47086006,-0.477864,0.4804657,-0.4782212,0.47064605,-0.4572088,0.43732703,-0.41035956,0.3755992,-0.33226436,0.2794899,-0.21631536,0.14167224,-0.054369383,-0.04692453,0.16370068,-0.29763317,0.4506058,-0.6247449,0.82245487,-1.046466,1.299883,-1.5862478,1.9096135,-2.2746346,2.6866817,-3.1519713,3.677704,-4.2722816,4.9455676,-5.709134,6.5766716,-7.5644937,8.6920595,-9.982762,11.465,-13.173347,15.150189,-17.448227,20.133276,-23.288288,27.019424,-31.463598,36.80006,-43.2669,51.18574,-60.999332,73.329216,-89.07108,109.55132,-136.80046,174.05081,-226.69783,304.29694,-425.0649,627.2965,-1003.0834,1822.3622,-4184.0444,17052.02,-28521.447,17616.475,-4464.987,2008.1362,-1140.8093,735.8045,-513.7593,378.53912,-289.8279,228.28197,-183.66621,150.15068,-124.21163,103.61374,-86.88055,73.00421,-61.27547,51.179108,-42.3355,34.453842,-27.307596,20.715023,-14.524901,8.608666,-2.8519628
-0.027965672,0.08381454,-0.13941537,0.19460084,-0.24920078,0.3030408,-0.35594115,0.40771532,-0.45816886,0.5070975,-0.55428594,0.599506,-0.64251447,0.68305206,-0.7208406,0.75557935,-0.7869445,0.81458586,-0.8381203,0.85713214,-0.871168,0.8797297,-0.882272,0.8781947,-0.86683536,0.8474621,-0.8192661,0.78134924,-0.7327134,0.6722469,-0.5987088,0.51071066,-0.40669385,0.284908,-0.14338139,-0.020113252,0.20809864,-0.42343885,0.6693954,-0.94969165,1.2685926,-1.6310034,2.042585,-2.5098782,3.0404868,-3.6432993,4.3287086,-5.108955,5.99855,-7.0147204,8.178063,-9.513423,11.050856,-12.826947,14.8868265,-17.286373,20.095354,-23.402134,27.31936,-31.992636,37.612595,-44.43264,52.795303,-63.17146,76.22367,-92.90618,114.63281,-143.56816,183.15884,-239.16371,321.7773,-450.4431,666.0593,-1066.9806,1941.5973,-4464.3164,18217.664,-30504.41,18860.127,-4783.802,2152.7456,-1223.3854,789.1506,-550.90955,405.7171,-310.37573,244.15163,-196.07764,159.90227,-131.84393,109.501915,-91.2909,76.126785,-63.242096,52.083164,-42.234673,33.378746,-25.264503,17.686304,-10.47131,3.467227
0.038911182,-0.11665785,0.19417687,-0.2713146,0.3479147,-0.4238169,0.49885574,-0.57285947,0.6456489,-0.71703523,0.7868197,-0.85479105,0.9207236,-0.98437726,1.0454937,-1.1037928,1.1589736,-1.21071,1.2586443,-1.3023887,1.3415201,-1.3755729,1.404038,-1.4263545,1.4419031,-1.449999,1.4498864,-1.4407262,1.4215858,-1.3914272,1.3490934,-1.2932904,1.2225647,-1.135287,1.0296258,-0.9035127,0.7546112,-0.58027154,0.3774801,-0.14280403,-0.12768058,0.43847254,-0.7947497,1.2024841,-1.6685956,2.2011385,-2.8095052,3.5047123,-4.2997584,5.210011,-6.2537513,7.4529047,-8.833842,10.428463,-12.2758255,14.423924,-16.932175,19.875128,-23.346844,27.46751,-32.392487,38.32536,-45.536938,54.392742,-65.396545,79.25677,-96.994225,120.12162,-150.95555,193.18913,-252.98926,341.27832,-478.90402,709.715,-1139.202,2076.7913,-4782.912,19545.934,-32767.082,20280.84,-5148.4277,2318.1982,-1317.863,850.13464,-593.32825,436.68292,-333.70538,262.08212,-210.00356,170.73294,-140.19266,115.794136,-95.825386,79.109695,-64.81859,52.34499,-41.23344,31.130968,-21.753033,12.863588,-4.256825
-0.051707584,0.15505429,-0.25819507,0.36099082,-0.4633,0.5649772,-0.6658722,0.76582885,-0.8646838,0.96226484,-1.0583901,1.1528662,-1.2454855,1.3360276,-1.4242544,1.5099071,-1.5927074,1.672354,-1.748514,1.8208275,-1.8889016,1.9523023,-2.010556,2.06314,-2.1094756,2.1489239,-2.180779,2.2042575,-2.2184885,2.2225027,-2.2152212,2.1954367,-2.161792,2.1127684,-2.046661,1.961545,-1.8552511,1.7253209,-1.5689604,1.3829933,-1.1637949,0.90722215,-0.60851824,0.262202,0.13805735,-0.5995989,1.1309636,-1.7421322,2.4448276,-3.2528603,4.1825876,-5.25352,6.4890056,-7.9171286,9.572043,-11.495428,13.738496,-16.36495,19.45443,-23.107655,27.453333,-32.65801,38.94008,-46.58962,55.999237,-67.709694,82.481865,-101.41233,126.12654,-159.11734,204.35553,-268.47552,363.23914,-511.0915,759.2616,-1221.4199,2231.0742,-5147.2866,21067.154,-35362.043,21912.11,-5567.1753,2508.207,-1426.2728,920.03204,-641.8488,471.98682,-360.1824,282.30066,-225.5597,182.66444,-149.19875,122.35557,-100.27039,81.66712,-65.63509,51.50641,-38.773926,27.036402,-15.965888,5.2798514
0.067134805,-0.20134403,0.33537164,-0.4690948,0.6023885,-0.73512393,0.8671678,-0.9983811,1.1286182,-1.2577251,1.3855387,-1.5118845,1.636575,-1.7594109,1.880176,-1.998634,2.114531,-2.2275915,2.337509,-2.443952,2.5465593,-2.6449294,2.738624,-2.8271596,2.9099991,-2.9865472,3.0561492,-3.1180751,3.1715143,-3.215564,3.24922,-3.2713578,3.280711,-3.275864,3.2552307,-3.2170184,3.1592119,-3.0795279,2.975371,-2.8437958,2.6814451,-2.4844933,2.248557,-1.9685857,1.6387624,-1.2523715,0.8016062,-0.27737364,-0.330958,1.0358813,-1.8521351,2.797207,-3.891935,5.161266,-6.6353393,8.350712,-10.352009,12.694303,-15.445877,18.692305,-22.541828,27.132925,-32.64492,39.31262,-47.44883,57.476646,-69.97922,85.77721,-106.0538,132.56573,-168.00452,216.66026,-285.70953,387.87073,-547.42694,815.5004,-1315.1637,2407.677,-5565.652,22818.686,-38354.918,23796.2,-6051.3853,2727.949,-1551.6228,1000.76605,-697.7644,512.5307,-390.43222,305.22067,-242.98874,195.7969,-158.83398,129.0306,-104.35456,83.39889,-65.157936,48.88567,-34.004086,20.048714,-6.6248474
-0.08561969,0.2568078,-0.42784163,0.59861666,-0.76902634,0.9389606,-1.1083049,1.2769396,-1.444739,1.6115686,-1.7772862,1.9417387,-2.1047602,2.2661743,-2.425789,2.5833921,-2.7387555,2.8916318,-3.041742,3.1887848,-3.3324323,3.4723158,-3.6080346,3.739145,-3.865151,3.985503,-4.099596,4.2067537,-4.306225,4.3971715,-4.478662,4.5496516,-4.6089606,4.65527,-4.687106,4.7028,-4.700479,4.678021,-4.633012,4.562715,-4.4640145,4.3333697,-4.16673,3.9594245,-3.7060866,3.4005477,-3.035636,2.603024,-2.093017,1.4942446,-0.793335,-0.025496142,0.98099047,-2.0954983,3.3958511,-4.9144216,6.690507,-8.772242,11.218886,-14.104099,17.520197,-21.584105,26.445538,-32.2981,39.396095,-48.078075,58.802334,-72.20066,89.16254,-110.97282,139.53694,-177.7765,230.35509,-305.06998,415.7477,-588.8033,879.86,-1422.8988,2611.3118,-6049.43,24848.102,-41828.805,25986.271,-6614.305,2983.402,-1697.222,1094.3566,-762.3842,559.1686,-424.98422,331.12494,-262.37558,210.04291,-168.84291,135.4125,-107.503296,83.55545,-62.441994,43.310364,-25.488655,8.414779
0.10851687,-0.32551014,0.5423816,-0.7590484,0.9754259,-1.1914262,1.4069569,-1.6219213,1.8362166,-2.0497317,2.2623491,-2.4739401,2.6843638,-2.8934705,3.1010962,-3.3070555,3.5111501,-3.713165,3.912851,-4.1099415,4.304144,-4.4951277,4.6825323,-4.865957,5.0449505,-5.2190113,5.387587,-5.5500584,5.7057347,-5.853845,5.993533,-6.1238346,6.2436543,-6.351772,6.446823,-6.527258,6.591344,-6.637113,6.6623225,-6.664432,6.6405487,-6.5873966,6.501232,-6.377727,6.2119203,-5.9981346,5.729761,-5.399144,4.9974127,-4.514168,3.9372134,-3.2522247,2.4422386,-1.4870837,0.36269712,0.95982563,-2.5154107,4.3465376,-6.5051913,9.055513,-12.077245,15.670482,-19.962109,25.114426,-31.337975,38.90915,-48.196274,59.69808,-74.102455,92.37995,-115.930725,146.83307,-188.2791,245.3609,-326.5982,447.10992,-635.7865,953.5045,-1546.9396,2846.991,-6611.6655,27215.277,-45889.484,28550.703,-7274.3506,3283.0603,-1867.8892,1203.8577,-837.74066,613.25684,-464.71164,360.51605,-283.9154,225.31285,-178.8846,140.89395,-108.83685,80.95846,-55.966805,32.866272,-10.838948
-0.13681807,0.41042668,-0.68395215,0.9573377,-1.2305247,1.5034516,-1.7760526,2.0482578,-2.319992,2.5911722,-2.8617089,3.1315024,-3.4004416,3.6684082,-3.9352694,4.2008724,-4.465053,4.727632,-4.988396,5.2471166,-5.503542,5.7573833,-6.0083256,6.256015,-6.5000496,6.7399807,-6.975312,7.2054853,-7.429876,7.6477814,-7.858425,8.0609255,-8.254275,8.437351,-8.608902,8.767495,-8.911536,9.039208,-9.148434,9.236858,-9.301802,9.340237,-9.348708,9.3232,-9.259122,9.151246,-8.9934635,8.778718,-8.49887,8.144369,-7.704038,7.164816,-6.5112596,5.725039,-4.7844286,3.6634216,-2.330704,0.7484477,1.1294117,-3.3593483,6.0110655,-9.171369,12.949315,-17.483091,22.94997,-29.579834,37.674835,-47.637745,60.014324,-75.55906,95.33507,-120.87765,154.47018,-199.61711,261.9134,-350.72842,482.69257,-689.61005,1038.5146,-1691.0195,3122.105,-7270.6943,29997.965,-50673.703,31577.916,-8054.1665,3636.9883,-2069.1902,1332.6671,-925.96606,676.10565,-510.33548,393.65317,-307.4562,241.10013,-188.08287,144.22191,-106.68825,73.46332,-43.03149,14.173666
0.17231266,-0.5169263,0.8615043,-1.2060217,1.5504518,-1.8947653,2.2389288,-2.5829058,2.9266539,-3.270124,3.6132615,-3.956002,4.2982697,-4.639984,4.9810505,-5.321355,5.6607733,-5.9991703,6.3363733,-6.672199,7.0064445,-7.3388686,7.669209,-7.9971666,8.322396,-8.644506,8.963067,-9.277587,9.587514,-9.892223,10.191022,-10.483121,10.767606,-11.043456,11.309537,-11.564541,11.8070135,-12.035293,12.247465,-12.441363,12.614514,-12.764133,12.887044,-12.979527,13.037339,-13.055671,13.028878,-12.950447,12.812902,-12.607453,12.323822,-11.95006,11.472049,-10.873035,10.133299,-9.229287,8.1327095,-6.809617,5.2188206,-3.3101034,1.0218757,1.7220355,-5.0165687,8.98107,-13.767119,19.569187,-26.639822,35.311115,-46.026146,59.38672,-76.22384,97.70984,-125.54145,162.24016,-211.67957,280.05057,-377.723,523.1207,-751.48694,1137.1598,-1859.4426,3445.6372,-8049.243,33297.5,-56361.594,35184.56,-8983.873,4058.7688,-2308.6882,1485.3701,-1029.9175,749.4289,-562.73334,430.71362,-332.59167,256.41586,-194.86664,143.19586,-98.13679,57.310123,-18.848806
-0.2176858,0.6530657,-1.0884701,1.5239139,-1.959411,2.3949728,-2.8306067,3.2663176,-3.7021058,4.137964,-4.573881,5.009837,-5.445801,5.8817377,-6.3176026,6.753327,-7.188839,7.624056,-8.058855,8.49311,-8.926677,9.359371,-9.790995,10.221315,-10.650054,11.076889,-11.501469,11.923379,-12.342152,12.757253,-13.168089,13.573972,-13.974091,14.367544,-14.753324,15.130258,-15.497046,15.852194,-16.193958,16.520367,-16.82916,17.117804,-17.383406,17.622538,-17.831293,18.005281,-18.139294,18.227331,-18.262548,18.236849,-18.140776,17.963392,-17.691763,17.310513,-16.801682,16.143847,-15.311287,14.273352,-12.992933,11.425004,-9.514631,7.1942782,-4.3803596,0.9684723,3.1728077,-8.210531,14.359392,-21.898382,31.194801,-42.739864,57.200226,-75.49772,98.93585,-129.39996,169.69496,-224.13536,299.61868,-407.71194,568.9718,-822.7571,1252.1292,-2057.5793,3829.0037,-8977.136,37248.246,-63192.73,39526.336,-10103.989,4566.758,-2596.4893,1668.031,-1153.2719,835.30664,-622.74335,471.54712,-358.23175,269.25406,-196.25732,133.73384,-77.81345,25.546679
0.2768939,-0.8307161,1.3846408,-1.9387351,2.4930658,-3.0476966,3.6026883,-4.1580997,4.7139854,-5.270394,5.8273697,-6.38495,6.943161,-7.5020294,8.06157,-8.621777,9.182642,-9.744151,10.306246,-10.868871,11.431957,-11.995395,12.559064,-13.122817,13.686458,-14.249752,14.812442,-15.374212,15.934698,-16.493475,17.050066,-17.603909,18.154318,-18.700523,19.241676,-19.776754,20.30464,-20.824024,21.333359,-21.830889,22.314585,-22.782188,23.231112,-23.658232,24.059992,-24.432436,24.770792,-25.069574,25.322557,-25.522324,25.660189,-25.726181,25.708456,-25.59289,25.363125,-24.999638,24.47895,-23.773294,22.849062,-21.665615,20.173601,-18.312626,16.00841,-13.168599,9.677859,-5.390744,0.12196757,6.3668184,-14.385861,24.344465,-36.79002,52.46661,-72.405594,98.0649,-131.55602,176.02501,-236.31317,320.17133,-440.60193,620.7388,-904.90155,1386.7047,-2292.2324,4287.2,-10094.246,42030.94,-71490.92,44815.2,-11470.236,5185.9233,-2946.258,1888.676,-1300.7108,936.0544,-690.91205,515.116,-381.84695,275.5378,-186.44273,108.000114,-35.38057
-0.35476282,1.064357,-1.7741563,2.4842966,-3.1949131,3.9061396,-4.618107,5.3309436,-6.0447764,6.759726,-7.4759107,8.193442,-8.912422,9.632956,-10.355139,11.079044,-11.804749,12.532327,-13.261804,13.993216,-14.726591,15.461913,-16.19917,16.938313,-17.679258,18.42188,-19.166044,19.911556,-20.658182,21.405634,-22.153584,22.901623,-23.649218,24.395767,-25.140604,25.882898,-26.621746,27.356056,-28.084517,28.805614,-29.517593,30.218504,-30.906103,31.577606,-32.22984,32.859314,-33.461723,34.032112,-34.56491,35.053375,-35.489594,35.864548,-36.167454,36.38535,-36.50339,36.503815,-36.36515,36.062225,-35.564507,34.835155,-33.829586,32.493435,-30.760191,28.547361,-25.752666,22.247952,-17.87113,12.4154625,-5.6143785,-2.879614,13.5255785,-26.938578,43.956543,-65.741295,93.937836,-130.93257,180.28363,-247.47566,341.2938,-476.49585,679.35785,-1000.27435,1545.7551,-2573.2651,4841.5903,-11456.335,47894.902,-81705.34,51345.23,-13157.881,5949.5854,-3375.7144,2157.299,-1477.427,1053.5746,-766.4056,558.1204,-397.64807,266.7186,-153.6508,50.20152
0.46041274,-1.3813535,2.3026395,-3.2245002,4.1471653,-5.0708623,5.9958186,-6.9222584,7.850407,-8.780482,9.712704,-10.647285,11.584431,-12.524351,13.467255,-14.41332,15.362739,-16.315706,17.272362,-18.232864,19.197374,-20.166004,21.138878,-22.116096,23.097713,-24.083755,25.074247,-26.06916,27.068434,-28.071959,29.07961,-30.09118,31.10633,-32.124683,33.145805,-34.169117,35.193985,-36.21961,37.244953,-38.268833,39.28981,-40.306328,41.316566,-42.318146,43.308334,-44.28421,45.242,-46.177345,47.085423,-47.96024,48.794697,-49.580814,50.308914,-50.967205,51.54239,-52.01843,52.375786,-52.59177,52.638695,-52.483196,52.084946,-51.394894,50.353275,-48.885944,46.901566,-44.286213,40.896614,-36.551224,31.017687,-23.99631,15.094996,-3.7946336,-10.601492,29.044056,-52.85383,83.90433,-124.916664,179.95622,-255.29454,360.99423,-513.97565,744.40643,-1110.189,1733.8418,-2911.8557,5518.778,-13137.188,55188.582,-94470.17,59535.043,-15276.752,6906.42,-3910.762,2487.963,-1690.2574,1189.2737,-846.0561,592.9953,-393.3357,225.0232,-73.27553
-0.6059598,1.8180593,-3.0306985,4.2442365,-5.459034,6.67545,-7.8938427,9.114572,-10.3379965,11.564473,-12.794359,14.028009,-15.265768,16.508,-17.755058,19.007277,-20.265003,21.528599,-22.798363,24.074621,-25.35772,26.647943,-27.945612,29.25102,-30.564423,31.88605,-33.216145,34.55491,-35.902515,37.259106,-38.62482,39.999725,-41.383755,42.776825,-44.17883,45.589504,-47.008595,48.435677,-49.870094,51.311066,-52.757595,54.20862,-55.662872,57.118473,-58.57327,60.025032,-61.47065,62.90649,-64.32863,65.73196,-67.11033,68.45695,-69.76339,71.01913,-72.21255,73.32946,-74.35227,75.26086,-76.03034,76.6307,-77.025635,77.171005,-77.01321,76.48542,-75.50583,73.97264,-71.75828,68.70182,-64.598366,59.186073,-52.12478,42.968243,-31.12531,15.799624,4.09812,-30.084293,64.314125,-109.92532,171.61174,-256.62985,376.6379,-551.27386,815.5857,-1236.9409,1958.0863,-3324.8135,6358.141,-15245.712,64415.543,-110706.98,69994.28,-17982.834,8124.5103,-4585.779,2897.891,-1945.1713,1340.4558,-919.31915,601.00287,-340.7699,110.49472
0.8145035,-2.4437842,4.0738864,-5.705356,7.3387446,-8.974601,10.613474,-12.255918,13.902488,-15.553736,17.210224,-18.87251,20.541147,-22.21671,23.899775,-25.59089,27.290634,-28.99961,30.718344,-32.44741,34.187416,-35.938904,37.70247,-39.47869,41.268116,-43.071266,44.888702,-46.720955,48.56854,-50.431946,52.311714,-54.208298,56.12202,-58.053215,60.00225,-61.96932,63.954693,-65.95849,67.980576,-70.02077,72.07867,-74.15391,76.246,-78.35376,80.4758,-82.61087,84.75674,-86.91074,89.070175,-91.231064,93.38849,-95.5372,97.67033,-99.77887,101.85329,-103.88159,105.84843,-107.736595,109.524315,-111.185165,112.68708,-113.99093,115.049255,-115.802284,116.177124,-116.08313,115.40668,-114.00474,111.69553,-108.24871,103.36598,-96.6585,87.61681,-75.56107,59.572506,-38.391743,10.259731,27.33073,-78.03791,147.3495,-243.7653,380.97354,-582.06537,888.3324,-1379.2916,2223.6592,-3830.6748,7410.5723,-17933.234,76317.33,-131790.66,83641.93,-21516.658,9707.329,-5452.059,3410.093,-2246.0488,1495.21,-958.71686,537.247,-173.23755
-1.1194229,3.358681,-5.5991755,7.841731,-10.087177,12.336344,-14.590063,16.849173,-19.114521,21.386951,-23.667322,25.956493,-28.255318,30.564693,-32.88552,35.218666,-37.565044,39.925625,-42.301254,44.69289,-47.101513,49.52805,-51.97351,54.43889,-56.925156,59.43327,-61.964268,64.51915,-67.098946,69.70467,-72.33743,74.998276,-77.68808,80.40781,-83.15851,85.941055,-88.75649,91.60572,-94.4894,97.40819,-100.36256,103.35318,-106.38066,109.44482,-112.545395,115.68253,-118.855225,122.0622,-125.302444,128.57358,-131.87239,135.19572,-138.5388,141.89467,-145.25652,148.61522,-151.9582,155.27197,-158.53854,161.7357,-164.83633,167.80695,-170.6069,173.18378,-175.47395,177.39786,-178.85536,179.7201,-179.83104,178.98566,-176.92125,173.29605,-167.66664,159.44424,-147.8398,131.78477,-109.8062,79.83985,-38.932484,-17.24048,95.18432,-205.0075,363.025,-596.83215,955.89764,-1535.6622,2538.9841,-4458.9165,8755.77,-21436.498,92035.195,-159857.34,101910.92,-26240.455,11806.112,-6577.5903,4046.2512,-2581.033,1611.0513,-888.53577,284.38766
1.5891986,-4.7682233,7.949132,-11.133181,14.321634,-17.51576,20.716833,-23.926134,27.144962,-30.374617,33.61642,-36.871704,40.141792,-43.42808,46.73198,-50.054848,53.398136,-56.763367,60.151913,-63.565296,67.00512,-70.47289,73.97025,-77.498886,81.060394,-84.656425,88.28877,-91.959175,95.66946,-99.42145,103.217155,-107.05854,110.94737,-114.88559,118.87531,-122.91848,127.01734,-131.17404,135.39046,-139.66855,144.01021,-148.41766,152.89328,-157.43842,162.05457,-166.744,171.50766,-176.34642,181.26184,-186.25401,191.32227,-196.46664,201.68558,-206.9751,212.33244,-217.75269,223.2273,-228.74806,234.30228,-239.87363,245.44156,-250.98009,256.45737,-261.83005,267.04575,-272.03787,276.72144,-280.9881,284.6982,-287.67722,289.6964,-290.45682,289.57367,-286.53543,280.65863,-271.02542,256.38065,-234.98691,204.39343,-161.0764,99.853065,-12.890765,-112.02582,294.6883,-568.6884,994.419,-1688.7002,2900.5403,-5236.4526,10496.884,-26102.07,113377.086,-198354.92,127138.945,-32753.713,14663.739,-8060.0747,4817.9204,-2892.4648,1559.9613,-494.1786
-2.3455784,7.037714,-11.732785,16.432753,-21.13959,25.855272,-30.581793,35.321156,-40.0754,44.84656,-49.63672,54.447968,-59.282406,64.14224,-69.0297,73.94696,-78.89633,83.88025,-88.90094,93.96087,-99.06261,104.20864,-109.40167,114.64443,-119.93963,125.29002,-130.69861,136.16835,-141.7024,147.3039,-152.97633,158.72316,-164.5476,170.45323,-176.44388,182.52325,-188.6956,194.96504,-201.33553,207.81116,-214.39607,221.09515,-227.91356,234.85522,-241.92453,249.12723,-256.46744,263.9495,-271.57922,279.36072,-287.29745,295.3947,-303.656,312.0822,-320.67712,329.44244,-338.376,347.47803,-356.74396,366.1665,-375.7352,385.4352,-395.2477,405.1424,-415.0826,425.01962,-434.88852,444.60397,-454.05237,463.09265,-471.53412,479.1232,-485.5354,490.33386,-492.93146,492.54208,-488.09134,478.1018,-460.5043,432.3583,-389.40524,325.33698,-230.56114,90.02985,120.759285,-443.5933,953.9066,-1798.2212,3289.8713,-6194.566,12791.327,-32499.82,143368.77,-253152.02,163344.28,-42058.758,18656.107,-10008.54,5658.551,-2952.6863,921.6313
3.6429846,-10.93054,18.222853,-25.523102,32.834484,-40.160213,47.503517,-54.86766,62.25595,-69.67171,77.11832,-84.59921,92.11781,-99.67774,107.28265,-114.936134,122.642,-130.40425,138.22661,-146.11316,154.06819,-162.09587,170.20073,-178.38736,186.66037,-195.02444,203.48471,-212.04628,220.71452,-229.49498,238.39368,-247.41667,256.56976,-265.8593,275.29224,-284.87527,294.61615,-304.52255,314.60193,-324.8622,335.31155,-345.95935,356.81577,-367.88922,379.18915,-390.72748,402.5139,-414.5588,426.87555,-439.47522,452.36865,-465.57016,479.09235,-492.94455,507.14194,-521.6979,536.6214,-551.92706,567.6246,-583.7223,600.2268,-617.14233,634.472,-652.2069,670.3366,-688.841,707.687,-726.8249,746.17993,-765.66016,785.12805,-804.3902,823.1996,-841.2093,857.94055,-872.74756,884.7349,-892.6675,894.8075,-888.6905,870.76825,-835.84033,776.11646,-679.6346,527.4856,-288.61658,-90.30143,706.1573,-1748.175,3623.1196,-7329.177,15850.014,-41560.24,187361.28,-334912.22,217907.84,-55943.566,24371.861,-12451.012,6168.301,-1882.553
-6.074452,18.22609,-30.385931,42.559452,-54.75218,66.96964,-79.21742,91.50115,-103.82656,116.19938,-128.62549,141.11084,-153.66135,166.28334,-178.98314,191.76701,-204.64165,217.614,-230.69063,243.8787,-257.18576,270.61917,-284.18692,297.89716,-311.7581,325.77808,-339.96628,354.3319,-368.8846,383.6344,-398.59222,413.7691,-429.17572,444.82376,-460.72607,476.8952,-493.34552,510.0915,-527.1474,544.5284,-562.2503,580.33136,-598.7912,617.64703,-636.9179,656.6276,-676.7965,697.447,-718.6067,740.30023,-762.55273,785.39606,-808.8601,832.9709,-857.7655,883.2799,-909.5447,936.60236,-964.4903,993.24664,-1022.9113,1053.525,-1085.1329,1117.7676,-1151.4678,1186.2678,-1222.1942,1259.2633,-1297.4713,1336.8148,-1377.2499,1418.6855,-1461.0043,1504.0022,-1547.3644,1590.6465,-1633.1925,1674.0695,-1711.9188,1744.7745,-1769.7684,1782.6697,-1777.1299,1743.4603,-1666.5814,1522.2535,-1270.1383,840.1967,-103.87258,-1192.2245,3596.9453,-8466.905,19880.566,-54844.9,255512.83,-464614.5,305571.9,-77806.69,32603.795,-14766.544,4344.7856
11.169575,-33.51388,55.873665,-78.25927,100.68109,-123.149605,145.67534,-168.26894,190.94122,-213.70305,236.56552,-259.53992,282.6375,-305.87024,329.25012,-352.78915,376.49994,-400.39584,424.48935,-448.7942,473.32477,-498.09525,523.1209,-548.41754,574.00085,-599.88715,626.09406,-652.6395,679.54224,-706.8219,734.4997,-762.5973,791.13586,-820.1384,849.6303,-879.63666,910.1859,-941.30707,973.02893,-1005.38226,1038.3993,-1072.1171,1106.5757,-1141.8109,1177.8628,-1214.7804,1252.6074,-1291.3916,1331.1914,-1372.061,1414.056,-1457.2463,1501.6995,-1547.4772,1594.6646,-1643.3461,1693.5995,-1745.5281,1799.2288,-1854.8055,1912.3702,-1972.0435,2033.9617,-2098.2476,2165.0479,-2234.515,2306.8047,-2382.0762,2460.4802,-2542.2021,2627.3982,-2716.1934,2808.7402,-2905.1282,3005.3694,-3109.4119,3217.0466,-3327.88,3441.1865,-3555.775,3669.7388,-3780.0847,3882.093,-3968.3352,4027.1118,-4039.484,3974.081,-3777.5303,3355.1106,-2529.717,946.7354,2172.6384,-8775.508,24774.588,-75038.984,369021.8,-688358.5,459225.47,-114293.375,43223.066,-11904.346
-23.893322,71.691216,-119.522865,167.41081,-215.37779,263.44662,-311.64026,359.98203,-408.49545,457.2043,-506.13293,555.3059,-604.748,654.48517,-704.544,754.9507,-805.7329,856.92004,-908.53955,960.62164,-1013.1982,1066.3003,-1119.9618,1174.2175,-1229.1025,1284.6527,-1340.9075,1397.9066,-1455.6919,1514.3071,-1573.7999,1634.2185,-1695.6107,1758.0284,-1821.5287,1886.1682,-1952.0115,2019.1244,-2087.5725,2157.4265,-2228.7603,2301.6587,-2376.2139,2452.5095,-2530.6387,2610.7153,-2692.8425,2777.1333,-2863.7249,2952.747,-3044.3342,3138.6536,-3235.8694,3336.1362,-3439.6619,3546.657,-3657.3208,3771.9136,-3890.688,4013.9172,-4141.902,4274.9688,-4413.4937,4557.8354,-4708.4214,4865.714,-5030.209,5202.441,-5382.9653,5572.466,-5771.6245,5981.1357,-6201.861,6434.6567,-6680.3896,6940.022,-7214.49,7504.7593,-7811.6665,8135.8667,-8477.653,8836.694,-9211.495,9598.644,-9991.737,10378.8955,-10738.65,11032.89,-11192.465,11088.427,-10469.499,8815.617,-4952.0977,-4127.7217,27731.764,-105631.09,577418.9,-1.123664e6,764051.6,-177004.52,42356.23
65.85373,-197.59264,329.42587,-461.41647,593.6279,-726.124,858.9691,-992.22815,1125.9672,-1260.2527,1395.1527,-1530.7361,1667.0721,-1804.234,1942.2959,-2081.3313,2221.4182,-2362.6387,2505.0703,-2648.798,2793.9116,-2940.4985,3088.6543,-3238.477,3390.0657,-3543.5225,3698.958,-3856.4854,4016.2236,-4178.2964,4342.839,-4509.989,4679.883,-4852.668,5028.5083,-5207.5664,5390.0264,-5576.0767,5765.907,-5959.7217,6157.734,-6360.1885,6567.3516,-6779.4683,6996.81,-7219.708,7448.4644,-7683.413,7924.9565,-8173.478,8429.379,-8693.153,8965.293,-9246.27,9536.702,-9837.2295,10148.467,-10471.205,10806.227,-11154.383,11516.616,-11893.964,12287.615,-12698.741,13128.736,-13579.128,14051.586,-14547.943,15070.163,-15620.655,16201.934,-16816.69,17468.256,-18160.186,18896.355,-19681.303,20520.008,-21418.234,22382.334,-23419.457,24537.59,-25745.6,27052.922,-28469.352,30005.092,-31668.822,33464.867,-35389.223,37418.965,-39491.82,41461.066,-42996.332,43335.69,-40613.844,29756.852,5720.7373,-138959.73,1.01318544e6,-2.1444172e6,1.4896616e6,-235870.19
-305.86383,917.73883,-1530.0559,2143.1106,-2757.2002,3372.624,-3989.683,4608.683,-5229.9326,5853.744,-6480.4365,7110.333,-7743.7593,8381.058,-9022.578,9668.664,-10319.685,10976.023,-11638.046,12306.153,-12980.765,13662.296,-14351.195,15047.927,-15752.954,16466.764,-17189.875,17922.824,-18666.174,19420.51,-20186.473,20964.713,-21755.879,22560.674,-23379.871,24214.246,-25064.676,25932.059,-26817.299,27721.371,-28645.297,29590.248,-30557.5,31548.225,-32563.734,33605.617,-34675.332,35774.49,-36905.035,38068.83,-39267.82,40504.41,-41780.996,43099.887,-44464.12,45876.83,-47341.05,48860.684,-50439.613,52082.086,-53792.812,55577.0,-57440.62,59389.652,-61431.18,63573.043,-65823.86,68193.18,-70691.34,73331.055,-76125.766,79090.18,-82242.45,85602.42,-89192.19,93038.0,-97169.54,101621.95,-106435.516,111657.61,-117343.99,123561.0,-130386.71,137914.17,-146258.25,155557.02,-165975.75,177718.64,-191032.75,206214.11,-223599.77,243544.23,-266297.56,291631.38,-317651.9,336453.94,-315592.0,87616.2,1.9810042e6,-5.4077765e6,3.4835118e6
8268.01,-24808.027,41360.05,-57932.094,74532.24,-91168.62,107849.39,-124582.86,141377.42,-158241.55,175183.9,-192213.3,209338.53,-226568.95,243914.02,-261383.12,278986.25,-296733.88,314635.94,-332703.3,350947.44,-369379.62,388012.06,-406857.38,425928.28,-445237.9,464800.5,-484630.66,504743.7,-525155.6,545883.9,-566946.25,588360.5,-610145.75,632323.2,-654914.0,677942.1,-701432.25,725409.06,-749899.3,774930.94,-800536.2,826749.9,-853604.3,881135.56,-909387.2,938399.44,-968216.7,998892.4,-1.0304779e6,1.0630271e6,-1.0966061e6,1.1312815e6,-1.1671172e6,1.2041972e6,-1.2426085e6,1.2824358e6,-1.3237871e6,1.3667708e6,-1.4115055e6,1.458123e6,-1.5067689e6,1.5576108e6,-1.6108168e6,1.6665868e6,-1.725142e6,1.7867269e6,-1.8516124e6,1.9200945e6,-1.992535e6,2.0693212e6,-2.1508778e6,2.2377305e6,-2.3304565e6,2.4297058e6,-2.5362525e6,2.6509808e6,-2.774944e6,2.909365e6,-3.0556965e6,3.2156732e6,-3.39139e6,3.5853648e6,-3.8006708e6,4.0411935e6,-4.3117765e6,4.618503e6,-4.969312e6,5.3746055e6,-5.8483275e6,6.409454e6,-7.084811e6,7.9131605e6,-8.952498e6,1.0294074e7,-1.2087172e7,1.4590279e7,-1.8261392e7,2.3726614e7,-2.5628244e7,1.2132694e7
